白春礼调研“美丽中国专项”研究成果示范应用成效,1
2023年10月10-11日，中国科学院原院长白春礼院士在福建调研了中国科学院战略性先导科技专项“美丽中国生态文明建设科技工程”（简称美丽中国专项）项目10的研究进展及其成果示范应用成效，美丽中国专项首席、中国科学院地理科学与资源研究所所长葛全胜陪同调研。,0
根据美丽中国专项总体部署，项目10开发了福建省生态文明大数据平台及地理图景决策支持系统（包括福建省国土资源空间管控与优化决策系统、闽江流域水环境监管与水污染防治决策支持系统、武夷山国家公园生态保护决策支持系统），模拟了福建省生态文明建设地理图景，评估了福建省国土空间规划实施效果，实现了闽江流域水污染监测预警及武夷山国家公园生态红线实时管控。,0
研究成果已经在福建省多个业务厅局和试点市县开展了推广应用。,0
2021年3月，习近平总书记考察武夷山国家公园智慧管理中心时察看了集成该项目成果的武夷山国家公园智慧管理平台应用情况。,0
白春礼听取了项目10首席陆锋关于“生态文明建设地理图景模拟”研究进展和成果示范应用情况的汇报，实地考察了成果应用场景及成果在武夷山国家公园智慧管理平台业务化运行中的应用成效，与部分研究人员进行了座谈交流。  　　白春礼对项目10取得的成果及其示范应用效果给予了高度肯定，认为研究进展达到了预期，成果已融入到福建省多个厅局的业务工作之中、产生了实效，成果示范应用效果显著，有影响、用得上、留得下。他指出，美丽中国专项要以习近平生态文明思想为指导，通过多种方式做好美丽中国建设情景模拟成果在多尺度（国家和区域）上的示范应用，支撑服务各级政府生态文明建设重大战略需求，体现中国科学院作为国家战略科技力量的责任和担当。,0
他希望项目10把针对武夷山国家公园智慧管理研发的成果（数据算法、软件平台、标准规范等）及其应用情况打造成标准的示范模式，努力争取其它国家公园能够应用，为美丽中国专项打造亮点成果。,0
美丽中国专项特邀专家张小雷及项目10部分研究骨干参与了调研活动。,0
地理资源所2022年发表高水平国际期刊论文世界研究机构排名第一,1
地理资源所贾小旭同志光荣当选为中国科学院团委副书记,1
生态环境部自然生态保护司王志斌一行来地理资源所调研交流,1
9月18日，生态环境部自然生态保护司司长王志斌一行来地理资源所调研交流。,0
王志斌一行参观了所史馆，详细了解了我所基本情况和科研工作进展，介绍了当前国家自然生态保护工作情况及科技支撑方面的迫切需求；与所长、党委工作牵头人葛全胜等就双方进一步加强合作，共同为国家自然生态保护战略实施做出贡献进行了深入研讨。,0
王志斌指出，地理资源所科学积淀丰厚、人才济济，近年在美丽中国建设、生态系统观测和修复、应对气候变化等研究领域取得了丰硕成果，有力支撑了国家生态文明建设。,0
他希望，在生态环境部和中国科学院签订的“院部合作协议”精神指导下，围绕大尺度生态系统健康和风险动态评估、生态系统修复及碳汇提升技术研发等方面的工作，与地理资源所开展实质性合作。,0
葛全胜对王志斌一行来所调研交流表示欢迎，对生态环境部长期以来对我所科研工作的支持和信任表示感谢。,0
他指出，地理资源所作为国家战略科技力量，始终牢记“国家队”“国家人”的使命定位；我们将遵照中国科学院党组“四个率先”和“两加快一努力”的战略部署，对标生态环境部自然生态保护司的科技需求，组织优势队伍全力做好支撑服务工作，与自然生态保护司一起，共同为美丽中国建设做出新的更大贡献。,0
自然生态保护司副司长蔡蕾及该司生态保护红线监管处周海丽处长、徐延达副处长，所党委副书记王生林、副所长高星、所务委员廖晓勇及相关处室负责同志参加了调研交流。,0
国家“2023年度美丽中国建设评估”工作推进会举行,1
2023年9月1日，国家“2023年度美丽中国建设评估”工作推进会在北京举行。,0
中国科学院副院长张涛和科发局局长文亚、国家发展改革委环资司副司长刘琼出席了会议。,0
会议听取了“评估队”关于“2023年度美丽中国建设评估”工作计划执行情况、及目前实地调研和资料采集工作进展的汇报，就解决实地调研过程中（包括和有关部委对接）存在的问题和加快推进评估工作进行了研讨和部署。,0
刘琼代表国家发展改革委对中国科学院党组为完成好评估任务而开展的工作和提供的经费支持表示感谢。,0
他指出，国家发展改革委已在全国生态日上正式宣布启动国家“2023年度美丽中国建设评估”工作，鉴于这次评估是美丽中国建设第一次正式评估，中央高度重视，意义重大。,0
他表示，在2020年试评估基础上，本次评估的指标体系和技术方案更为优化和完善，但指标增多、数据采集的难度加大，国家发展改革委将全力协助评估队与有关部门进行对接和交流，推动评估工作顺利进行。,0
他相信，作为国家战略科技力量中国科学院，一定能够像“2020年试评估”一样高质量完成这次评估任务。  　　张涛代表中国科学院党组对国家发展改革委的支持和信任表示衷心感谢，对全体参与评估工作的同志表示亲切慰问。他指出，“美丽中国建设评估”工作是党中央赋予中国科学院光荣而神圣的任务，中国科学院党组和侯建国院长高度重视，委托我院资环领域的“领头羊”地理资源所代表中国科学院具体承担该项任务；为保障高质量完成评估工作，院党组建立了评估工作管理机制，特批一个应急项目给予支持，同时要求“美丽中国”先导专项和地理资源所配套支持。,0
他强调，在国家发展改革委等有关部委的支持下，中国科学院圆满完成了 “2020年美丽中国建设进程试评估”工作，评估成果得到了党中央的高度评价，为当前的评估工作积累了经验、打下了基础；但今年的评估指标更多、时间更紧、任务更重。,0
他要求，地理资源所要按照习近平总书记对中国科学院提出的“四个率先”和“两加快一努力”重要指示要求，恪守“国家队”“国家人”的使命定位，履行好法人主体责任，精心组织、统筹安排，确保评估工作顺利完成；各评估队要认真学习领会习近平总书记在全国生态环境保护大会上的讲话和“二十大”报告的精神，充分吸收“美丽中国”专项成果和“2020年试评估”成功经验，按时交出满意的答卷。,0
会上，文亚就中国科学院关于做好国家“2023年度美丽中国建设评估”工作的组织和经费保障安排及管理要求进行了说明。,0
中国科学院科发局副局长张鸿翔，科发局大气海洋与生态环境处任小波、赵涛，各省（市、区）评估队负责人参加了会议。,0
会议由美丽中国专项负责人、地理资源所所长葛全胜主持。,0
地理科学与资源研究所党委组织传达学习和部署落实中国科学院党组2023年夏季扩大会精神,1
8月31日，所党委召开理论中心组专题学习会和党委会，认真领会侯建国同志在院夏季党组扩大会议精神传达会上的讲话，与会人员围绕会议精神进行了认真研讨，重点对标习近平总书记关于科技创新的重要讲话、指示批示精神和党中央重大决策部署，对标我院抢占科技制高点的核心任务，对标加快实现“四个率先”和“两加快一努力”目标的总体思路和改革举措，开展交流和讨论，研究下一步具体举措。  　　会议认为，研究所作为资源环境领域国家战略科技力量“领头羊”，一是要凝练、找准资源环境领域科技制高点，把准方向，瞄准“美丽中国建设”、“盐碱地治理”等国家重大需求，组织力量谋划和实施攻坚专项任务，推进重大成果产出；二是统筹推进研究所改革创新发展重点工作，统筹高效使用经费，优化科技评价和资源配置，加大科技基础能力建设，持续培引青年人才，抓好全国重点实验室体建设；三是继续做好高端智库工作，围绕国家发展目标组织开展前瞻性、储备性决策咨询研究；四是对照主题教育“学思想、强党性、重实践、建新功”的总要求，强化思想武装，大力弘扬科学家精神，促进党建工作与科技创新中心工作深度融合，为抢占科技制高点提供坚强政治保证和强大精神动力。  　　党委工作牵头人、所长葛全胜就研究所下一步重点工作任务作出部署。,0
他要求，全所上下要深入学习贯彻习近平新时代中国特色社会主义思想，深入学习贯彻党的二十大精神，切实把思想和行动统一到党中央决策部署和院党组工作要求上来，结合研究所实际工作，紧紧围绕抢占科技制高点核心任务，聚焦资源环境领域国家战略需求和重大科学问题，把夏季党组扩大会议精神贯彻落实与研究所的规划布局和重大任务无缝结合起来，把主题教育成果转化为科技创新的实际行动，真正发挥好资源环境领域国家战略科技力量“领头羊”的作用，为全面实现“四个率先”和“两加快一努力”目标，加快实现高水平科技自立自强作出新的贡献。,0
根据所党委部署，各实验室、台站分别就学习贯彻院党组夏季扩大会精神开展了专题学习和研讨交流。,0
青年科技骨干、党员代表廖晓勇、苏奋振、汤秋鸿等纷纷表示，深刻认识到青年科技工作者肩负的时代使命，要认真贯彻院党组工作部署，从国家战略需求出发，勇攀科技高峰，坚定创新自信，下决心走出科研舒适区，勇闯科技“无人区”，为抢占科技制高点贡献力量。,0
各支部组织全体党员干部以“三会一课”等形式认真组织专题学习研讨，统一思想、凝聚共识、提高认识。,0
地理科学与资源研究所召开主题教育专题民主生活会,1
8月28日，地理科学与资源研究所召开学习贯彻习近平新时代中国特色社会主义思想主题教育专题民主生活会。,0
所长、党委工作牵头人葛全胜，党委副书记、纪委书记王生林，副所长高星，副所长封志明出席会议。,0
中国科学院第十巡回指导组组长李俊雄、组员李丹到会指导。,0
会前，所领导班子结合研究所工作实际，制定了本次民主生活会会议方案。,0
所领导班子成员通过集中学习和个人自学，深入学习领会习近平总书记关于党的建设重要思想以及关于严肃党内政治生活、主题教育和科技创新等的重要指示批示精神，提高思想认识；深入开展谈心谈话，听取意见建议。,0
在此基础上，按照主题教育要求的六个方面，对照习近平总书记关于以学铸魂、以学增智、以学正风、以学促干的12条具体要求，结合典型案例全面梳理和深入剖析问题。,0
葛全胜同志主持起草了领导班子对照检查材料，领导班子成员撰写了个人发言提纲并由葛全胜同志逐一审核把关。,0
会上，葛全胜报告了本次民主生活会准备情况，以及2022年度民主生活会查摆问题的整改落实情况，并代表所领导班子作了对照检查，立足研究所实际，围绕典型案例，深入分析存在的主要问题，剖析原因，制定整改举措。,0
所领导班子成员分别结合各自分管的工作进行对照检查，深入开展了批评和自我批评。,0
李俊雄作了点评发言。,0
他对本次专题民主生活会的准备工作和会议取得的成效给予了充分肯定。,0
他指出，所领导班子要持续对标主题教育“学思想、强党性、重实践、建新功”的总要求，深入学习领会习近平新时代中国特色社会主义思想和习近平总书记重要讲话和指示批示精神，将主题教育成果转化为推动研究所聚焦主责主业，持续发展的强大力量。,0
研究所要围绕抢占科技制高点这一核心任务，勇于担当作为，取得更好的成绩。  　　葛全胜代表领导班子对巡回指导组一直以来的指导表示感谢。,0
他表示，领导班子将积极落实指导组对本次民主生活会的各项意见，扎实推进整改；继续深入学习贯彻习近平新时代中国特色社会主义思想和党的二十大精神，认真落实院夏季党组扩大会议精神，提高站位、加强谋划、狠抓落实，加快推进抢占资源环境领域科技制高点，进一步发挥好资源环境领域国家战略科技力量“领头羊”的作用，为实现高水平科技自立自强做出更大的创新贡献。 ,0
阴和俊在地理资源所开展主题教育专题调研,1
8月29日，中国科学院副院长、党组副书记阴和俊在地理资源所开展学习贯彻习近平新时代中国特色社会主义思想主题教育专题调研,0
。,0
阴和俊听取了研究所总体情况，以及党建和主题教育、重大任务、人才等方面的工作汇报，与研究所负责同志、科研骨干和党务工作代表座谈。  　　阴和俊深入了解地理资源所开展主题教育的工作进展、党组织在科技创新中发挥战斗堡垒作用的情况，详细询问了研究所组织承担重大科研任务和人才培养引进等方面的情况和存在的困难，并就大家关注的问题进行了回应。   　　阴和俊对地理资源所取得的成绩表示肯定。  　　他指出，地理资源所作为国家资源环境研究领域的中坚力量，历史悠久、实力雄厚。,0
近年来,0
，在基础研究和智库建设、平台建设和国际合作、人才引培和资源保障，以及重大任务组织和产出等方面取得了新的成绩。,0
他要求地理资源所要按照习近平总书记对中国科学院提出的“四个率先”和“两加快一努力”目标要求，进一步提高“心系国家事、肩扛国家责”的使命感、责任感和紧迫感；要围绕国家应对气候变化和生态文明建设、国土和粮食安全、一带一路绿色发展等方面的重大战略需求，进一步聚焦主责主业，凝练主攻方向、抢占科技制高点，组织全所优势科研力量力争在三到五年内取得“用得上、有影响”的重大成果。,0
阴和俊强调，主题教育结束后，地理资源所党委要制定计划，持续组织和引导全所职工和研究生，特别是党员干部认真学习和深刻领会习近平新时代中国特色社会主义思想及关于科技自立自强、生态文明建设和国家安全的重要论述，大力弘扬老一辈科学家精益求精、爱国奉献的精神，鼓励广大科研人员潜心致研、矢志创新，坚决避免形式主义、官僚主义，注重发现和解决科研人员关心的真问题，切实把习近平总书记的重要指示批示精神贯彻好、落实好，进一步发挥好资环领域国家战略科技力量“领头羊”的作用。,0
中国科学院重大科技任务局、人事局等部门有关负责同志陪同参加调研。,0
地理资源所组织参加2023年夏季党组扩大会议精神传达会,1
8月17日，中国科学院召开2023年夏季党组扩大会议精神传达会。,0
中国科学院院长、党组书记侯建国代表院党组作传达讲话，并就全院贯彻落实工作作出部署。,0
中国科学院副院长、党组成员汪克强主持会议，在京领导班子成员和部分院老领导出席会议。,0
地理资源所设置视频分会场。,0
所领导班子成员、中层干部、科研骨干代表等30余人参加会议并认真聆听会议内容。  　　研究所将认真抓好夏季党组扩大会议精神的传达学习和贯彻落实，围绕抢占科技制高点这一核心任务，进一步统一思想、凝聚共识、提高认识；认真抓好部署任务的组织实施，扎实推进抢占科技制高点各项重点工作；认真抓好作风和能力建设，坚决扛起国家战略科技力量的使命责任；认真抓好主题教育后续工作，以扎实的学习教育成效筑牢加快改革创新发展的思想基础。   ,0
中国科学院传达2023年夏季党组扩大会议精神,1
习近平：加强基础研究 实现高水平科技自立自强,1
中共中国科学院党组：筑牢高水平科技自立自强的根基,1
中国科学院党组2023年夏季扩大会议召开,1
【新闻联播】新思想引领新征程 加强基础研究 打造原始创新策源地,1
【新闻联播】习近平给“科学与中国”院士专家代表回信强调带动更多科技工作者支持和参与科普事业 促进全民科学素质的提高,1
中国科学院地理科学与资源研究所牵头编制的《东北黑土地保护与利用报告（2022年）》在吉林省发布,1
2023年7月22日，“黑土粮仓”先导专项在吉林省发布了《东北黑土地保护与利用报告（2022年）》（以下简称《报告》）。,0
《报告》由中国科学院地理科学与资源研究所牵头，联合中国科学院相关单位和东北三省一区优势科研力量共同编制。,0
《报告》客观地分析了东北黑土地保护与利用现状，首次系统梳理了黑土地保护与利用的国际经验和科技进展，科学遴选并介绍了东北黑土地保护与利用的关键技术和典型模式，总结了中国科学院2022年度“黑土粮仓”科技会战主要进展与取得的成效。,0
按照“黑土粮仓”先导专项的总体部署，由中国科学院地理科学与资源研究所负责牵头编制东北黑土地系列白皮书和系列报告，介绍黑土地资源环境状况、保护与利用工作进展和科技创新重要成果，旨在向公众系统解释黑土地保护关键技术与创新模式，报告科技会战主要进展与成效，让公众更加科学系统的认知黑土地、保护黑土地。,0
2021年第一本题目为《东北黑土地白皮书（2020）》，是关于东北黑土地的总论，系统介绍了东北黑土地涵盖的主要土壤类型及其形成过程，回顾了黑土地开发利用的历史进程，说明了现阶段黑土地发生了哪些变化和产生这些变化的原因，提出了未来用好养好黑土地应开展的创新性工作和科技攻关重点方向。,0
第二本题目《东北黑土地保护与利用报告（2021）》，主题是介绍黑土地本底属性及其退化趋势，报告重点介绍了东北黑土地的自然生态本底状况，分析了黑土地开发利用水平及支撑能力变化，阐释了黑土地土壤理化性质及退化特征，总结了2021年度中国科学院“黑土粮仓”科技会战主要进展。,0
今年发布的是第三本报告。  附：东北黑土地白皮书和系列报告,0
侯建国：努力抢占科技制高点 加快实现高水平科技自立自强（深入学习贯彻习近平新时代中国特色社会主义思想）,1
习近平同志《论科技自立自强》一书，收入党的十八大以来习近平同志关于科技自立自强的重要文稿。,0
深入学习领会、认真贯彻落实这些重要论述，是科技界开展学习贯彻习近平新时代中国特色社会主义思想主题教育的重大任务。,0
2013年7月17日，习近平总书记对中国科学院提出“四个率先”目标，要求“积极抢占科技竞争和未来发展制高点”。,0
2019年11月1日，在致中国科学院建院70周年贺信中，习近平总书记进一步要求“加快打造原始创新策源地，加快突破关键核心技术，努力抢占科技制高点”。,0
十年来，中国科学院围绕贯彻落实习近平总书记重要论述和重要指示批示精神，深入实施“率先行动”计划，取得一大批原创性引领性重大科技成果，有力支撑创新型国家建设和经济社会高质量发展。,0
在强国建设、民族复兴的新征程上，中国科学院将进一步深入学习贯彻习近平总书记重要论述和重要指示批示精神，紧紧围绕“四个率先”和“两加快一努力”目标要求，胸怀“国之大者”，勇担时代重任，把抢占科技制高点作为核心任务，组织开展抢占科技制高点攻坚行动，为加快实现高水平科技自立自强、实现中华民族伟大复兴作出新的更大贡献,0
。,0
抢占科技制高点是加快实现高水平科技自立自强的必然选择  　　新中国成立70余年来，我国科技事业在跟踪模仿中艰难起步，在引进消化吸收中发展壮大，在自主创新中加快追赶世界先进水平。,0
党的二十大报告提出，到2035年“实现高水平科技自立自强，进入创新型国家前列”。,0
这要求我们牢固树立创新自信，加快抢占科技制高点，力争在世界“科技高原”上出现更多中国人构筑的“科技高峰”。 　　为高质量发展提供强劲动力。,0
习近平总书记强调：“加快实现高水平科技自立自强，是推动高质量发展的必由之路。”,0
把握新发展阶段，贯彻新发展理念，构建新发展格局，推动高质量发展，推进产业转型升级，保障产业链、供应链安全，不仅需要科技创新的持续赋能，而且需要在一些重要战略领域抢占一批科技制高点，以点的突破引领带动系统能力的跃升，为高质量发展和中国式现代化提供战略支撑和强劲动力。,0
进入新时代，我国经济实力和综合国力持续增强，科技创新在越来越多的领域从跟跑迈向并跑和领跑，具备了抢占科技制高点的科技基础和能力条件。,0
为应对外部风险挑战提供有力保障。,0
习近平总书记指出，当今世界百年未有之大变局加速演进，“科技创新成为国际战略博弈的主要战场，围绕科技制高点的竞争空前激烈”。,0
科学技术从来没有像今天这样深刻影响国家的前途命运。,0
科技自立自强是国家强盛之基、安全之要。,0
面对复杂激烈的国际竞争，必须坚持问题导向，在事关全局和长远的战略性领域，聚焦前沿科技和关键技术，下好先手棋、打好主动仗，加快抢占一批科技制高点，有力保障国家发展和安全。 　　为科技强国建设提供战略支撑。,0
习近平总书记指出，建设世界科技强国，“要尊重科研规律”“深化对创新发展规律、科技管理规律、人才成长规律的认识”。,0
从科技发展史看，某些制高点上的重大突破，往往能够带动一系列相关领域的创新发展。,0
当前，新一轮科技革命和产业变革加速演进，开拓性科学发现和颠覆性技术创新不断涌现，人类社会进入新的创新活跃期和产业变革期。,0
我们只有全力抢占新一轮科技革命和产业变革中的制高点，才有可能紧紧抓住这一历史机遇，加快建设科技强国，实现科技实力和国际竞争力的跃升。,0
围绕科技制高点明确科技创新的主攻方向和战略重点  　　科技制高点通常是指前沿领域的最高点、创新链条上的关键点、创新体系中的控制点。,0
一般而言，科技制高点具有以下特征：,0
一是引领带动性强，处于科技体系中的关键位置，一旦取得突破，对相关学科领域发展乃至对经济社会发展都将产生引领、带动或辐射作用。,0
二是攻坚难度大，往往需要攻克最前沿、最底层的科学原理问题，突破很多“卡点”“控制点”技术，很多制高点属于“无人区”，要走前人没走过的路。,0
三是任务目标聚焦，制高点不是宽泛的学科领域，而是目标任务非常明确具体的定向性科学和技术难题，需要汇聚最优秀人才、集聚最优势力量进行攻坚。,0
综合考虑当前和今后一个时期国际竞争格局和环境变化、我国经济社会发展对科技创新的重大战略需求，可以从支撑发展力、保障生存力、增强引领力三个方面来选择一批科技制高点问题，着力加强攻关。,0
支撑发展力，就是要围绕事关国家发展全局的重点领域科技需求，着力解决相关技术“行不行”的问题，以关键点上的突破带动创新能力的系统性提升，增强科技支撑经济社会高质量、可持续发展的能力。,0
保障生存力，就是要针对粮食安全、能源安全、基础原材料、国家安全等面临的挑战，重点解决相关能力“有没有”的问题，有效保障国家在重要基础领域的安全自主可控。,0
增强引领力，就是要围绕世界科技前沿和未来产业发展，重点解决面向未来“强不强”的问题，开辟发展新领域新赛道，不断塑造发展新动能新优势。 　　抢占科技制高点、加快实现高水平科技自立自强，要坚持系统观念，正确处理好几个关系。一是处理好立足当前和着眼长远的关系，既要解“燃眉之急”，卡哪补哪；又要努力摆脱被动应对局面，力争形成战略主动。,0
二是处理好点和面的关系，既要集中资源突破关键领域的单项技术，掌握创新链上的关键控制点；更要在此基础上打造体系化能力，构筑安全可控的创新生态。,0
三是处理好前瞻性和可行性的关系，既要志存高远，敢于引领、敢于突破；又要防止好高骛远、脱离实际，努力做到“可望”又“可及”。,0
四是处理好自立自强和开放合作的关系，既要立足自立自强，把科技创新和发展的主动权牢牢掌握在自己手中；又要通过参与高水平国际科技竞争合作，深度融入全球创新网络，与国际科技界携手攀登科技高峰、共同解决人类面对的重大问题。,0
国家科研机构要把抢占科技制高点作为核心任务  　　习近平总书记指出：“国家实验室、国家科研机构、高水平研究型大学、科技领军企业都是国家战略科技力量的重要组成部分，要自觉履行高水平科技自立自强的使命担当。”,0
国家科研机构要着力解决影响制约国家发展全局和长远利益的重大科技问题，加快打造原始创新策源地，加快突破关键核心技术，努力抢占科技制高点。 　　打破传统思维惯性，加快转变科研价值理念。,0
抢占科技制高点要求广大科研人员从根本上摆脱跟踪跟随的思维惯性和亦步亦趋的路径依赖，发扬敢为人先、勇攀高峰的精神，勇闯科技“无人区”，加快实现从“想干什么”“能干什么”向“该干什么”的转变。,0
基础研究要避免“脱实向虚”的倾向，努力解决国家战略需求背后的基础科学问题和世界科技前沿的基础性问题。,0
应用研究要避免“舍近求远”的倾向，主动谋划、主动对接、主动支撑国家重大科技需求，努力从国家急迫需求和战略需求出发凝练科学技术问题。,0
关键核心技术攻关要避免“趋易避难”的倾向，树立最高标准意识，敢于“揭榜挂帅”、攻坚克难，敢于啃最难啃的“硬骨头”、打最难打的硬仗。 　　改革科研组织管理模式，充分发挥体系化建制化优势。,0
国家科研机构具有学科领域全、创新链条全、保障体系全的体系化优势，具有成建制、有组织的高水平科技人才队伍，是最有基础和条件承担抢占科技制高点攻坚任务的战略科技力量。,0
要积极争取承担和组织实施一批全局性战略性重大科技任务，以国家战略需求和重大科学问题为牵引，加快调整优化科研力量整体布局，打破学科、领域、团队壁垒，把相关研究机构组织起来，把创新链上下游的研究力量贯通起来，加快形成分工明确、协同高效、分可独立作战、聚可合力攻关的大团队科研攻坚模式。 　　强化科技评价的使命导向，激励广大科研人员抢占科技制高点。,0
要充分考虑抢占科技制高点任务周期长、难度高、投入强、风险大等特点，坚决摒弃科技评价中重数量指标、轻质量贡献的倾向，坚持质量、绩效、贡献为核心的评价导向，建立重大贡献“白名单”制度，把是否真正围绕国家战略需求，是否真正攻克重大科学技术问题，是否作出实质性、开拓性创新贡献作为核心评价标准。,0
坚持定量与定性相结合，减少评价频次，让科研人员坐得住、钻得进、研得深。,0
持续完善不同类型人才的分类评价体系，承认个体和小团队在大团队中的贡献，让各类人员在抢占科技制高点的重大任务中密切配合、协同攻关、各尽其能、各展其才。 　　深化科技资源配置管理改革，为抢占科技制高点任务提供有力保障。,0
着力改变科技资源平均配置、惯性配置的倾向，推动科技资源向抢占科技制高点任务集聚，向承担国家重大科技任务的机构和团队集聚，向挑战最前沿科学问题和攻克最关键核心技术的科学家集聚。,0
按照以需求定任务、以任务定项目、以项目定资金的方式，逐步构建以稳定支持为主、竞争性经费为辅的科技资源配置模式，赋予科研机构更大的资源配置自主权，同时压实法人主体责任，做到责权利统一。,0
要树立“大资源观”，围绕抢占科技制高点攻坚任务，加大人员编制、人才计划、重大科技基础设施、科研仪器平台等各类资源的统筹调配和动态调整力度，一体强化对抢占科技制高点攻坚任务的支持和保障。 　　加强党的全面领导，大力弘扬科学家精神。,0
以党的政治优势、组织优势充分激发科研人员勇攀科技高峰、抢占科技制高点的信心决心和志气勇气，把个人学术追求融入国家发展大局。,0
深入开展学习贯彻习近平新时代中国特色社会主义思想主题教育，将学习成果转化为抢占科技制高点的强大动力。,0
充分发挥党的基层组织的战斗堡垒作用、广大党员的先锋模范作用，围绕科技攻坚任务组织攻坚突击队，把党旗插到抢占科技制高点的最前沿，为重大任务攻坚、重大成果产出提供坚强组织保障。,0
树立鲜明的价值导向，把具有坚定科研理想和崇高价值追求，甘于奉献、勇攀高峰的科学家典型挖掘出来，让身边人讲身边事，用身边事感召身边人，着力形成人人争做攻坚先锋、齐心协力抢占科技制高点的浓厚创新氛围。,0
地理资源所学习贯彻侯建国调研指示精神，深入推进主题教育工作,1
　　过去一个月以来，地理资源所通过党委会、所长办公会和科研骨干座谈会等多种形式深入学习、深刻领悟中国科学院院长、党组书记侯建国5月26日在地理资源所开展学习贯彻习近平新时代中国特色社会主义思想主题教育专题调研时的指示精神，把贯彻落实侯建国提出的“要按照主题教育要求，深入开展调查研究，注重发现和解决群众关心的真问题，切实把习近平总书记的重要指示批示精神贯彻好、落实好，更好地履行国家战略科技力量的职责使命”的指示当作重要内容纳入研究所主题教育工作中，引导广大党员干部和研究生学习领会习近平新时代中国特色社会主义思想、总书记对科技创新的重要讲话指示和对中国科学院的重要要求，学习贯彻中国科学院党组战略部署和侯建国调研指示精神，一体体会，融会贯通。  　　,0
在党委工作牵头人、所长葛全胜带领下，地理资源所领导班子成员、所党委委员以问题、目标为导向，深入基层广泛听取科研人员的意见和建议。,0
目前，已初步完成“科研绩效评价办法”和“研究生政治思想工作实施方案”修订、“课题结余经费统筹使用”和“课题碎片化消除”方案设计，部署了限期解决主责主业外的课题归并、引进人才绩效核定、支撑队伍人力资源调配、资金安全高效使用，及加快全重实验室建设和拉萨站搬迁等工作。,0
下一步，地理资源所将以侯建国指示精神为指导，按照主题教育目标要求，全面推动主题教育工作走向深入。,0
进一步突出国家使命导向，聚焦主责主业，彻底消除“课题碎片化”问题；瞄准“美丽中国建设”、“土地资源安全”及“地理信息智慧服务”等国家重大需求，组织力量抢占科技制高点；统筹高效使用经费，加大科技基础能力建设，持续培引青年人才；继续做好高端智库工作，围绕国家发展目标组织开展前瞻性、储备性决策咨询研究。,0
把贯彻落实侯建国指示和主题教育问题专项整治工作无缝结合起来，把主题教育成果转化为科技创新的实际行动，做到“解决一个问题、完善一个制度、形成一个长效机制”，促进研究所创新发展及“三重大”成果产出，继续发挥好资源环境领域国家战略科技力量“领头羊”的作用，为中国科学院实现“四个率先”和“两加快一努力”的目标做出贡献。 ,0
地理资源所举办庆祝建党102周年“践行新时代科学家精神 强化科技自立自强担当”主题系列活动,1
为庆祝中国共产党成立102周年，全面深入学习贯彻落实党的二十大精神，大力弘扬科学家精神，表彰先进，深入推进学习贯彻习近平新时代中国特色社会主义思想主题教育，激励和教育广大党员、党务干部和基层党组织积极投身“率先行动”计划，6月26日地理资源所党委举办了以“践行新时代科学家精神 强化科技自立自强担当”为主题的系列活动。,0
所领导班子成员、党委委员、纪委委员、党支部书记、中层领导干部、“光荣在党50年”纪念章获得者代表、研究所“两优一先”代表及新党员代表等150余人参加了活动。,0
活动由所党委副书记、纪委书记王生林主持。  　　首先，在“弘扬科学家精神”专题报告会环节，第四届“中科院科苑名匠”称号获得者，拉萨站执行站长余成群作了题为《我的三十五年西藏路》的报告，讲述了他多年来在草业科技、精准扶贫、科技创新规划、平台建设等方面所付出的努力，诠释了新时代科学家将科技创新的实践与“国家事”“国家责”紧密结合，求真务实、创新实践的工匠精神。,0
报告会以现场和线上的方式进行，北郊科学园区等11家院所单位的党员通过线上参加了活动。  　　随后，所领导班子为“光荣在党50年”的老党员颁发了纪念章，为研究所“两优一先”获得者代表颁发了荣誉证书，并举行了入党宣誓活动。  　　所党委工作牵头人、所长葛全胜作专题发言，他带领大家回顾了中国共产党102年的光辉历程和党带领全国人民在实现中华民族伟大复兴中取得的突出成就，并总结了地理资源所近五年来各项事业发展取得的成绩。他代表研究所党委感谢全所科技人员、干部职工、研究生和离退休老同志为研究所发展作出的努力，对广大党员科技骨干致以崇高的敬意和节日的问候，并强调了推进学习贯彻习近平新时代中国特色社会主义思想主题教育和基层党组织建设的有关要求。,0
此次活动进一步强化了广大党员坚定理想信念、牢记党的宗旨，履行国家战略力量主力军的使命担当，勇攀科学高峰，为服务国家、造福人民做出新的更大的贡献，以实际行动为党旗增光添彩! ,0
侯建国在地理科学与资源研究所开展主题教育专题调研,1
5月26日，中国科学院院长、党组书记侯建国在中国科学院地理科学与资源研究所开展学习贯彻习近平新时代中国特色社会主义思想主题教育专题调研。,0
中国科学院副院长、党组成员汪克强陪同调研。,0
侯建国一行实地调研了地理资源所所史馆，了解了研究所发展历程、历史贡献以及近年来推进改革创新发展情况。,0
随后，侯建国与研究所负责同志、科研骨干和党务工作代表座谈，深入了解研究所治理体系和科研组织管理模式、重点实验室体系重组情况以及组织开展主题教育工作进展和存在的问题等。,0
在座谈中，侯建国认真听取大家的意见建议，详细询问科技创新、平台建设、资源保障等方面的情况以及存在的困难，就大家关注的问题现场交流认识和思考。  　　侯建国对地理资源所取得的成绩表示肯定。,0
他指出，地理资源所是国家地理科学研究领域的中坚力量，曾经取得了很多有代表性的重要科研成果。,0
要按照习近平总书记对中国科学院提出的“四个率先”和“两加快一努力”重要指示要求，恪守“国家队”“国家人”的使命定位，在已有基础上，继续发挥好资源环境领域国家战略科技力量“领头羊”作用,0
。,0
侯建国强调，研究所要进一步加强治理体系和治理能力建设，立足中国科学院体系化、建制化优势，不断优化科研组织模式，选准科技制高点，组织力量开展协同攻关。,0
要强化科技基础能力建设，发挥好仪器设备、综合实验站、观测研究网络、数据中心、科学计算平台、高水平期刊等各类平台与条件的作用，促进产出更多重大成果，更好服务国家重大需求。,0
要注重加强人才队伍建设，依托重大任务和各类平台，培养、吸引、凝聚一批优秀青年人才，建设资源环境领域创新人才高地。,0
侯建国强调，要通过主题教育，引导广大党员干部和研究生深入领会习近平新时代中国特色社会主义思想，大力弘扬老一辈科学家精益求精、爱国奉献的精神，潜心致研、矢志创新。,0
要按照主题教育要求，深入开展调查研究，坚决避免形式主义、官僚主义，注重发现和解决群众关心的真问题，切实把习近平总书记的重要指示批示精神贯彻好、落实好，更好地履行国家战略科技力量的职责使命。,0
中国科学院办公厅、重大科技任务局、科技促进发展局、直属机关党委等部门负责人陪同参加调研。,0
中科院科技促进发展局与地理资源所开展主题教育读书班交流研讨会,1
为深入学习贯彻习近平新时代中国特色社会主义思想，强化思想认识，增强行动自觉，5月15日上午，中科院科技促进发展局与地理资源所以联学共建形式开展了主题教育读书班交流研讨会。,0
会议由中科院科技促进发展局局长文亚主持。  　　会上，“美丽中国”专项办和“黑土粮仓”专项办负责人就项目研究进展、亮点成果及未来工作设想作交流报告，与会人员结合科研业务和管理工作，围绕学习习近平总书记关于美丽中国建设、黑土地保护与利用的重要论述及重要批示指示精神，分享了学习体会，开展深入研讨。,0
文亚在交流发言中表示，以联学共建形式开展学习交流，可以更好地推动以学促干，切实运用习近平总书记重要指示批示精神激发工作思路，转化实际成效。,0
文亚对地理资源所承担的重大专项进展予以肯定，希望通过交流研讨进一步明确方向思路，找准关键问题、助力解决问题，共同为我院实现习近平总书记提出的“四个率先”和“两加快一努力”目标要求作出应有的贡献。,0
地理资源所党委工作牵头人、所长葛全胜介绍了地理资源所主题教育读书班和调研工作进展，并结合研究所的优势和目前面临问题，围绕学科发展和强化国家战略科技力量职责使命，畅谈了主题教育的学习体会和工作思考。,0
他表示，在科技发展促进局的支持与指导下，地理资源所面向国家重大需求与前沿科学问题，积极承担了重大科技任务，促进重大科技成果产出，培养了一支高水平科技创新队伍，地理资源所将继续履行资源环境领域“国家队”的责任担当，将学习成果与推动落实紧密结合，真抓实干，推动研究所各项工作取得新成绩、开创新局面。  　　科技促进发展局副局长张鸿翔、武斌、许航及各处室负责人参加交流研讨，地理资源所副所长高星、封志明及科研骨干代表、相关职能部门负责人等20余人参加会议并进行交流发言。   ,0
全国政协副主席沈跃跃、王光谦赴地理资源所调研“美丽中国生态文明建设科技工程”先导专项研究进展,1
5月12日，全国政协副主席沈跃跃、王光谦调研了中国科学院先导专项“美丽中国生态文明建设科技工程”研究进展。,0
沈跃跃、王光谦听取了专项总体进展，复合污染防治技术体系、生态修复及绿色发展技术模式、长江模拟器、山地灾害风险模拟预警系统、美丽中国建设智能化模拟系统等专项标志性成果，以及美丽中国建设进程第三方评估和美丽中国“35目标和50愿景”目标设计等专项研究工作进展的汇报，与汇报专家进行了座谈交流。,0
沈跃跃还参观了中国科学院地理科学与资源研究所所史馆、听取了研究所科研及智库建设工作的简要汇报。  　　全国政协人口资源环境委员会副主任潘立刚、驻会副主任欧青平、办公室主任苏贵光和一级巡视员郭丽琴，“美丽中国生态文明建设科技工程”先导专项部分研究骨干葛全胜、崔鹏、夏军、丁永建、陈少华、陆锋、方创琳、杨林生，地理资源所党委副书记王生林、全国政协常委樊杰陪同调研。  　　                      ,0
地理资源所启动主题教育领导班子读书班、召开党委理论学习中心组2023年第4次学习会,1
"为扎实开展学习贯彻习近平新时代中国特色社会主义思想主题教育，按照党中央部署要求和院党组主题教育工作安排，5月4日，地理资源所党委启动开展为期一周的学习贯彻习近平新时代中国特色社会主义思想主题教育读书班，并召开了2023年第4次理论学习中心组集体学习会，传达学习习近平总书记在学习贯彻习近平新时代中国特色社会主义思想主题教育工作会议上的重要讲话和会议精神、中科院学习贯彻习近平新时代中国特色社会主义思想主题教育动员大会精神等内容，所领导班子成员、党委委员参加会议,党委工作牵头人、所长葛全胜主持会议。",0
所长葛全胜在读书班上强调，5月4日至12日读书班期间，所领导班子成员要聚焦专题学习内容，全面深入学习贯彻习近平新时代中国特色社会主义思想，坚持读原著、学原文、悟原理，以集体学习和个人自学等方式，认真学习党的二十大报告和党章党规，认真研读《习近平著作选读》、《习近平新时代中国特色社会主义思想专题摘编》等学习材料，系统全面学习习近平总书记对各方面工作的指示要求，深入把握贯穿习近平新时代中国特色社会主义思想的立场观点方法，进一步增强捍卫“两个确立”、做到“两个维护”的思想自觉和行动自觉。,0
要,0
联系思想和工作实际进行交流讨论、互学互鉴，要开展集中学习研讨，实地调研等形式多样的学习活动，推动主题教育走深走实。,0
党委副书记、纪委书记王生林传达学习中科院学习贯彻习近平新时代中国特色社会主义思想主题教育动员大会精神，他强调，全体党员领导干部、全所党支部要把开展主题教育同推动研究所的各项工作结合起来，对标对表习近平总书记关于科技创新和中科院工作的系列重要讲话和指示批示精神，切实增强实现高水平科技自立自强的责任感使命感紧迫感，结合实际工作，认真按照党中央及院党组要求，落实各项工作计划，确保主题教育取得实效。  　　副所长高星领学了《习近平关于调查研究论述摘编》中的部分内容，并结合习近平总书记重要讲话重要论述和个人阅读书目，分享了思考和感悟。,0
封志明副所长领学了中共中央办公厅印发的《关于在全党大兴调查研究的工作方案》的内容，做主题发言，并分享了学习体会。,0
"与会同志进行了交流研讨，表示要通过学习进一步加深对党的创新理论的理解、领会和把握，完成各项学习任务，为全所开展主题教育发挥示范带动作用。  　　此前4月17日,地理资源所党委已召开主题教育动员大会，葛全胜作动员报告并传达党中央、中科院关于学习贯彻习近平新时代中国特色社会主义思想主题教育的相关要求，并就全所党支部深入开展主题教育提出了具体工作要求。",0
会上，向所内中层以上领导干部和党支部书记放发了主题教育的必读和选读书籍。,0
地理资源所召开2023年工作会议暨学术年会,1
2月24日上午，中国科学院地理科学与资源研究所召开2023年度工作会议。,0
本次会议的主题是：以习近平新时代中国特色社会主义思想为指导，深入学习贯彻党的二十大精神，准确把握党中央、国务院对科技创新提出的新部署新要求，积极落实中国科学院2023年度工作会议精神和总体部署，总结2022年主要工作，研究部署2023年重点工作，结合“十四五”规划组织实施，进一步聚焦布局，强化担当，提升效能，开创科技创新发展新局面。,0
所长葛全胜代表所党委和所领导班子作地理资源所2023年度工作报告和党建及纪监审工作报告，全面总结了2022年研究所各项工作进展，深入阐述了研究所面临的形势任务与总体要求，部署了2023年重点工作。,0
党委副书记、纪委书记王生林传达中国科学院2023年度工作会议精神并作研究所人才队伍建设和学生培养工作报告。,0
副所长高星、封志明分别就财务和资产运营状况、科研能力建设等有关工作情况作专题报告。,0
王生林同志主持会议，并宣读“地理资源所关于对2022年度先进集体和个人予以通报表扬的决定”。   　　近年来，研究所在承担国家重大科技任务、促进重大成果产出、培育高水平人才队伍和提升研究生培养质量等方面，取得了显著成效。2022年，研究所努力克服疫情不利影响，稳定高质量发展大局，持续开源节流，增强科研支撑能力。,0
2022年，地理资源所科研论文质量显著提升，作为第一完成单位，在高水平学术期刊（影响因子大于3）上发表论文965篇。,0
新争取到国家重点研发计划等重大专项项目11项。,0
荣获省部级以上科技奖励16项，其中地理资源所作为第一完成单位获得中国科学院杰出科技成就奖1项、省部级特等奖1项、二等奖3项。,0
2022年，引进各类青年人才34人，获得各类人才称号者新增25人次。,0
其中，培育国家自然科学基金委创新研究群体1个，培养“杰青”3人、“优青”4人，获得国家引才计划支持2人。  　　会议认为，党的“二十大”报告对国家生态文明建设、区域高质量发展、科教兴国、国家安全能力现代化等方面提出了重大需求。,0
亟需以地理科学、资源科学和生态环境领域的理论创新和重大技术集成为基础，科学系统解决制约全球可持续发展和我国经济社会健康运行的资源环境问题。,0
研究所要面向世界科技前沿、面向国家重大需求，对标对表党中央、国务院、院党组对科技创新工作的战略部署，聚焦地理资源领域国家战略需求和重大科学问题，助力国家高水平科技自立自强。  　　会议强调，2023年，研究所将持续深入学习宣传贯彻党的二十大精神，按照中国科学院2023年度工作会议精神和总体部署，聚焦主责主业，强化科技创新使命担当，优化重点科研布局，提升科研与管理效能，扎实推进国重重组，完善科研评价制度，凝心聚力出成果出人才，为新时期研究所高质量发展打下坚实基础。  　　各部门分组对2023年度工作会议报告和各专题报告进行审议。,0
与会代表对2022年研究所各项工作取得的进展和成就予以高度评价，并就2023年度重点工作等进行讨论。,0
大家认为，2022年，在疫情肆虐的情况下，研究所稳定了发展大局，各项事业发展良好，在人才培养引进、重大任务争取、国重重组、科教设施建设等方面实现了突破，成绩来之不易。,0
此次工作会议主题突出、内容丰富、高效务实。,0
大家表示，将深入学习贯彻党的二十大精神，按照院2023年度工作会议精神和总体部署，聚焦“十四五”发展布局，强化科技创新使命担当，结合科研工作实际、提升工作效能，统筹做好2023年度各项工作。  　　所领导班子成员、两院院士、所老领导、所党委委员和纪委委员、所务委员、机关管理部门及实验室负责人等百余人参加了会议。   　　2月24日下午，中国科学院地理科学与资源研究所召开了 2022年度学术年会。,0
所学术委员会成员、所领导班子成员、各实验室（台站）负责人，科研、管理和支撑骨干等百余人参加了会议。,0
会议由所学术委员会主任孙鸿烈院士主持。,0
陆地表层格局与模拟院重点实验室、区域可持续发展分析与模拟院重点实验室、资源利用与环境修复重点实验室、资源与环境信息系统国家重点实验室、陆地水循环及地表过程院重点实验室、生态系统网络观测与模拟院重点实验室和院黄河三角洲现代农业工程实验室等7个实验室，从发展规划、项目争取、科研成果、人才培养、平台建设等方面汇报了2022年度工作进展。,0
参会学术委员会委员对各实验室一年来的科研工作进展进行了综合评议，评选出2022年度中国科学院地理科学与资源研究所十大研究进展。,0
地理资源所专题学习传达中科院2023年度工作会议精神,1
2月14日，地理资源所党委召开2023年第二次党委理论学习中心组集体学习会，专题学习传达中科院2023年度工作会议精神。,0
"所领导班子成员、党委委员参加会议,党委工作牵头人、所长葛全胜主持会议。",0
葛全胜传达了中国科学院2023年度工作会议精神，并结合现场参会的体会，就贯彻落实中科院2023年度重点工作和研究所年度重点任务进行了部署。,0
他强调，全所职工要将学习党的二十大精神与院年度工作会议精神结合起来，对标“充分体现国家意志、有效满足国家需求、代表国家最高水平”要求，按照“聚焦布局、重塑队伍、提升效能”的总体思路，不折不扣落实好院党组各项决策部署，团结奋斗、真抓实干，为中科院和研究所的创新发展贡献力量。  　　随后，在2023年度第2次所长办公会上，所领导班子成员、党委委员、纪委委员和中层领导干部结合学习院2023年度工作会议精神，就如何更好地抓工作落实进行了深入研讨和交流，积极谋划下一阶段研究所改革创新发展以及提升科技创新体系效能的工作举措。  　　2月24日，研究所召开2023年度工作会议，会上，党委副书记、纪委书记王生林专题传达了院2023年度工作会议精神。所长葛全胜结合研究所年度工作报告，在深入分析研究所发展取得的成就和面临的机遇基础上，对承担重大科技任务、完善研究所科研评价制度体系、加强人才引进与培养、推进国家重点实验室重组、提升党建工作成效等重点工作任务进行了部署。,0
在各部门分组讨论环节，与会人员围绕学习贯彻落实党的二十大精神和院2023年度工作会议精神，结合科研和管理岗位实际，畅谈学习体会，就落实重点任务和工作要求的具体举措进行了深入研讨。,0
大家一致表示，要持续全面准确学习党的二十大精神，按照习近平总书记对中科院提出的“四个率先”和“两加快一努力”要求和院2023年度工作会议重大决策部署，心系“国家事”，肩扛“国家责”，开创地理资源科技创新发展新局面。,0
地理资源所组织参加中科院2023年度工作会议,1
2月11日至12日，中国科学院召开2023年度工作会议。,0
地理资源所设置视频分会场。,0
所领导班子成员、中层干部、科研骨干代表近50人参加全院视频会议。   　　中科院院长、党组书记侯建国同志作《深入学习贯彻党的二十大精神，奋力开创我院改革创新发展新局面》的工作报告和会议总结讲话。中科院副院长、党组副书记阴和俊和副院长、党组成员张亚平分阶段主持会议。,0
会上，阴和俊作推进全院党的建设工作进展与2023年重点工作部署、战略高技术领域与关键核心技术攻关专题报告；中央纪委国家监委驻中科院纪检监察组组长、中科院党组成员孙也刚作学习贯彻中央纪委二次全会精神、推进全面从严治党专题报告；中科院副院长、党组成员张涛、李树深、周琪分别围绕农业和生物技术及资源生态环境领域、科教融合、基础前沿领域有关工作情况作专题报告。,0
院机关有关部门和有关院属单位作交流报告。,0
研究所与会人员认真聆听了会议的各项报告。  　　会议还颁发了中科院2022年度杰出科技成就奖和青年科学家奖，宣读了中科院2022年度人物和年度团队、科技促进发展奖等授奖决定。,0
我所陆地生态系统碳—氮—水耦合循环研究集体荣获2022年度中科院杰出科技成就奖。,0
会后，与会人员围绕会议主题展开了热烈讨论，大家一致认为这次会议是一次统一思想、凝聚共识、科学民主、求真务实的会议，令人鼓舞、催人奋进。,0
大家表示，一定按照院党组部署，认真学习领会、努力贯彻落实会议精神，紧扣国家战略科技力量主力军使命定位，按照“聚焦布局、重塑队伍、提升效能”的总体思路，以“强基础、抓攻关、聚人才、促改革”为重点，结合研究所的科研工作实际，积极谋划好下一阶段改革创新发展，认真做好2023年重点工作，提升科技创新体系效能。,0
中国科学院2023年度工作会议网站专题：https://www.cas.cn/zt/hyzt/cas2023gzh　　   ,0
中科院召开2023年度工作会议,1
地理资源所党委理论学习中心组专题学习党的二十大精神,1
10月27日下午，中国科学院地理资源所党委理论学习中心组召开2022年第九次学习扩大会，专题学习党的二十大精神。,0
所领导班子成员、党委委员、纪委委员、实验室（台站）负责人、中层干部参加学习研讨，党委工作牵头人、所长葛全胜主持会议。,0
与会人员集体学习了党的二十大报告、党的二十大关于十九届中央纪律检查委员会工作报告的决议、《中国共产党章程(修正案)》、习近平总书记在党的二十届一中全会上的重要讲话精神、习近平总书记在参加党的二十大广西代表团讨论时的重要讲话精神等内容。,0
党委副书记、纪委书记王生林作重点发言，从党的二十大召开的背景、历史地位、大会的主题和报告的主要内容、《中国共产党章程(修正案)》要点等方面进行了领学。,0
与会人员结合工作实际谈学习体会，开展了深入的交流研讨。,0
大家认为，党的二十大是在全党全国各族人民迈上全面建设社会主义现代化国家新征程、向第二个百年奋斗目标进军的关键时刻召开的一次十分重要的大会，全体党员干部要充分认识党的二十大的重大意义和重大成果，切实把思想和行动统一到二十大精神上来，不断提高政治判断力、政治领悟力、政治执行力，更加深刻地领悟“两个确立”的决定性意义，更加自觉地做到“两个维护”，增强“四个意识”、坚定“四个自信”，以强烈的政治责任感和历史使命感抓好大会精神的学习宣传贯彻工作，把党的二十大作出的重大决策部署付诸行动、见之于成效。  　　葛全胜传达了中科院党的二十大精神传达学习会的部署要求，并就研究所学习、宣传和贯彻落实党的二十大精神作出部署。他强调，全所党支部、党员干部职工要把学习宣传贯彻党的二十大精神作为当前和今后一个时期的首要政治任务。,0
一是进一步提高政治站位，深刻领悟“两个确立”的决定性意义，牢记“三个务必”，完整准确把握党中央关于科技创新的新部署新要求，聚焦主责主业、狠抓工作落实；二是各党支部要发挥战斗堡垒作用，开展专题学习，把思想、行动和认识统一到党的二十大精神上来，所领导班子成员和党委委员要带头领学示范，支部书记和科研骨干要撰写学习心得；三是要紧密结合研究所科技创新实际，学习务求高效，将党的二十大精神全面落实到实际工作中，体现作为“国家队”“国家人”，心系“国家事”，肩扛“国家责”的责任担当，为深入实施科教兴国战略、人才强国战略、创新驱动发展战略贡献力量；四是以学促做，把学习贯彻党的二十大精神的热情转化为强大动力，用党的创新理论武装头脑、指导实践、推动落实院党组重大工作部署和研究所重点任务，包括国重重组、完成国家重大研发任务、人才队伍建设等，推动党的二十大精神在各层面落实落地。,0
地理资源所党委召开专题扩大会议总结和部署疫情防控工作,1
9月16日下午，地理资源所党委召开专题扩大会议，总结地理资源所涉疫事件及其应急处置工作，研究部署下一步疫情防控工作安排。,0
所党委委员及各部门负责人共30人参加了会议。,0
会议由葛全胜主持。,0
会议听取并审议通过了研究所疫情应急工作领导小组 “关于地理资源所涉疫事件及其应急处置工作总结报告”（以下简称报告）。,0
报告指出，8月31日下午5点我所一名新生被检出新冠阳性，研究所园区被封控，9月1日晚109个密接者和76个次密接者被定点隔离、留置研究所的1406名职工和学生（其中学生671人）被集中隔离或居家隔离。,0
9月6日下午5点研究所园区被解封，7-9日集中或居家隔离人员被解封。,0
涉疫处置过程中没有发现新的疫情，没有出现重大舆情。  　　报告指出，涉疫处置是一面镜子，检验的是全所职工和学生的基本素质和政治品格，反映的是党员干部的态度、能力和作风。,0
涉疫事件是一个警钟，警示我们风险无处不在。,0
这次涉疫有两个原因导致。,0
一是，个别学生法律意识、纪律观念淡薄，对各类制度政策、法律法规缺乏敬畏感，这是导致此次涉疫事件的根本原因；二是，各层级防疫责任主体的职责没有被压实，对涉疫风险的敏感度不够。,0
此次涉疫事件导致研究所产生较大的经济损失、科研和教学秩序被打乱、声誉受损，教训十分深刻。  　　会议通报了国科大、研究所对因违反防疫规定引发涉疫事件的责任人的处分决定，对研究所相关责任人提出批评。,0
决定对研究所疫情应急工作领导小组办公室负责人进行调整。,0
同时，对涉疫处置工作中做出突出贡献的职工和学生提出表扬。,0
会议对研究所下一步疫情防控工作进行了部署和安排。,0
会议要求，全所职工和学生要充分吸取本次涉疫事件中的经验教训，进一步提高政治站位，增强法律意识、纪律观念；全所各部门要防松劲、防漏洞、防反弹，决不能有丝毫麻痹大意，各防疫责任主体，特别是导师和管理骨干等关键少数必须以身作则、忠于职守。,0
会议还要求，在做好防疫工作的同时，全所各部门要聚焦主责主业，加快推进落实院党组部署的各项重点任务，把涉疫事件应急处置中迸发出的凝聚力和责任感，聚焦到心系国家事、肩扛国家责的历史使命上来。,0
地理资源所党委理论学习中心组召开专题学习会深入学习中科院2022年夏季党组扩大会议精神,1
8月29日，地理资源所党委理论学习中心组召开专题学习会，深入学习中科院2022年夏季党组扩大会议精神，并专题学习研讨《习近平谈治国理政》第四卷、《习近平生态文明思想学习纲要》等内容。,0
党委理论学习中心组全体成员出席会议，党委工作牵头人、所长葛全胜主持会议。  　　会上，葛全胜传达了中科院2022年夏季党组扩大会议精神，并传达学习侯建国同志所做题为《凝心聚力 狠抓落实 以优异成绩迎接党的二十大胜利召开》的报告，对报告中提出的具体要求进行了深入解读。他强调，全所党员要深入学习贯彻中央领导同志重要指示批示和院党组重要工作会议精神，按照院党组明确的“聚焦主责主业、狠抓工作落实”总要求推进各项重点工作。,0
党委委员和所领导班子成员要进一步强化责任担当，结合工作职责，将院党组工作要求传达给所分管的部门和所联系的党支部，引领全所职工进一步提高贯彻落实院党组决策部署的思想自觉和行动自觉。,0
会议就加快推进国家重点实验室体系重组、重大任务攻关、人才队伍建设、打造高水平人才队伍等工作进行了深入研讨，进一步细化落实举措。,0
会议认真学习了《习近平谈治国理政》第四卷、《习近平生态文明思想学习纲要》的相关内容，党委副书记王生林分别就习近平总书记关于科技创新、人才建设、全面从严治党、确保“十四五”时期目标任务等重要讲话谈学习体会，与会人员结合科研任务对贯彻落实《习近平生态文明思想学习纲要》的具体举措进行了专题研讨。,0
大家一致认为，地理资源所作为地理科学、资源科学和生态环境领域的“国家队”，要持续践行生态文明理念，在美丽中国、乡村振兴、“碳达峰”、“碳中和”等国家重大战略任务中充分履行好国家战略科技力量主力军的职责，将党中央关于生态文明建设的重大决策部署落到实处。  　　会上还集体学习了新修订的《中华人民共和国科学技术进步法》、《求是》杂志发表的习近平总书记重要文章《在庆祝中国人民解放军建军90周年大会上的讲话》等内容。会议围绕深入贯彻习近平总书记关于疫情防控的系列重要指示批示精神，就《新型冠状病毒肺炎防控方案（第九版）》进行了专题学习，进一步理解把握疫情防控的各项要求，提升研究所疫情防控工作的科学性、精准性。  　　今年7月，党委理论学习中心组专题学习了《习近平经济思想学习纲要》、习近平总书记在中央政治局第四十次集体学习时的重要讲话精神及在省部级主要领导干部专题研讨班上的重要讲话精神。近期，所党委将按照院党组的要求和部署，推动,0
全所党支部和全体党员,0
加强专题理论学习，深入学习贯彻习近平新时代中国特色社会主义思想，不断加深对“两个确立”决定性意义的认识，增强“四个意识”、坚定“四个自信”、做到“两个维护”，用党的创新理论武装头脑、指导实践、推动工作，以实际行动和优异成绩迎接党的二十大胜利召开。,0
中国科学院“新疆可持续发展研究”特别专项研究进展报告会顺利召开,1
2022年7月18日，中国科学院“新疆可持续发展研究”特别专项（以下简称专项）研究进展报告会在乌鲁木齐召开。,0
新疆有关方面听取了专项项目组关于“新疆可持续发展研究总体成果”的汇报，对专项已取得的创新成果给予了高度评价，对中国科学院长期以来为新疆可持续发展提供的科技支撑表示衷心感谢。  　　双方商定,0
在,0
专项现有工作的基础上进一步开展合作，深化有关问题的研究，为推动新疆高质量和可持续发展做出新的贡献。,0
地理资源所举行庆祝建党101周年“弘扬老科学家精神 自觉履行使命担当”主题系列活动,1
为庆祝中国共产党成立101周年，7月1日地理资源所举办了以 “弘扬老科学家精神 自觉履行使命担当”为主题的系列活动，所领导班子成员、党委委员、纪委委员、党支部书记、中层以上领导干部及年轻干部理论学习小组成员、科学家代表、研究生和离退休党员代表等近500人参加。,0
活动分两个阶段，由所党委副书记、纪委书记王生林主持，采取线上、线下同步方式举行。  　　第一阶段主题是“弘扬老科学家爱党敬业精神”。,0
在地理资源所所史馆，所党委工作主持人、所长葛全胜及老科学家代表孙鸿烈院士共同为该馆荣获“中国科学院科学家精神教育基地”揭牌，为研究所“光荣在党50年”的老党员颁发纪念章。,0
随后，举行了新党员入党宣誓活动。,0
在现场参加活动的所有党员陪同和见证下，近30名新党员代表面向党旗进行了神圣的入党宣誓，对党表达了最庄严的承诺。,0
现场与会人员还参观了所史馆，学习和感悟老一辈科学家爱党敬业精神。,0
第二阶段主题是“自觉履行使命担当 迎接二十大胜利召开”。,0
活动邀请著名科学家、中国南极科考先行者张青松做了题为《发扬求是精神 担当科技兴国》的报告。,0
张青松以竺可桢倡导的“求是”精神为开篇，解读了科学家精神的内涵，并以四次南极科考的亲身经历，回顾了老一辈科学家在党的领导下勇于担当、科技报国的奋斗历程。,0
他希望广大科研人员要牢记“求实创新、报国为民”的初心使命，自觉履行国家战略科技力量主力军使命担当。  　　此次活动进一步增强了全所党员干部的责任感和使命感，激励全所科研人员弘扬和传承老一辈科学家爱党敬业、求实创新、勇于担当的精神，奋进新征程，建功新时代。所党委号召,0
全所党员干部和广大科研人员要以实际行动弘扬践行老科学家的精神，心系“国家事”，肩扛“国家责”，聚焦主责主业，在高水平科技自立自强的征程上当好排头兵，不断产出更多的创新成果，以优异的成绩迎接党的二十大胜利召开！,0
地理资源所党委专题学习中科院人才工作会议精神研究部署推进人才工作,1
为深入学习领会习近平总书记关于做好新时代人才工作的重要思想，全面贯彻落实中央人才工作会议精神，推进落实中科院人才工作会议决策部署，6月30日，地理资源所党委召开理论学习中心组专题扩大会暨人才工作推进会。,0
所领导班子成员、党委委员、纪委委员参加会议。,0
所长葛全胜领学了习近平总书记在中央人才工作会议上的重要讲话精神，传达了中科院人才工作会议关于新时期我院人才工作的重要部署，并对标我院新时期人才工作总体思路、发展目标和改革举措，深入分析了研究所新形势下人才工作面临的形势和挑战，并提出下一步人才工作的谋划和举措。,0
与会人员结合侯建国院长的党课《走好第一方阵 自觉履行使命担当》谈了学习体会，并围绕完善“十四五”规划、落实“基础研究十条”、落实国家重点实验室重组、推进高水平人才队伍建设、推动党建工作与科技创新工作深度融合等进行充分研讨。,0
下一步，研究所将进一步明确定位，强化举措，聚焦“强基础、抓攻关、聚人才、促改革”的重点任务，推进完善绩效评价体系、前瞻部署基础研究任务、人才制度建设、完善正向激励工资薪酬体系、加强高水平人才引进集聚等工作，全面推动科技资源优化配置，推进院党组部署的人才工作和各项重点任务落实落细。  　　2022年上半年以来，地理资源所党委开展了四次理论学习中心组学习会和专题研讨会。,0
结合研究所实际开展学习和研讨，学思践悟、学以致用，深刻领会“国家事”和“国家责”内涵，进一步明确研究所“定位”“定标”“定事”“定人”，为贯彻落实党中央、国务院重大决策部署和院党组重点任务安排筑牢思想根基。,0
如：4月18日，第二次理论中心组学习会暨“定位、定标、定事、定人”专题研讨会，集体学习两会精神、中央经济工作会议精神和习近平经济思想，专题学习侯建国院长的文章《深刻学习领会党的十九届六中全会精神 为实现高水平科技自立自强发挥国家战略科技力量作用》，并就侯建国院长党课《汲取党的百年奋斗历史经验 加快实现高水平科技自立自强》谈学习体会；5月31日第三次理论中心组学习会，专题学习习近平总书记关于科学家精神的重要论述，并就贯彻落实我院关于开展“弘扬科学家精神，喜迎党的二十大”系列活动的通知要求进行研究部署；6月1日第四次理论中心组学习扩大会暨“聚焦主责主业、强化使命担当”专题学习研讨会，学习习近平总书记在《求是》上发表的《加快建设科技强国 实现高水平科技自立自强》文章，与会人员就学习侯建国院长的文章《自觉履行高水平科技自立自强的使命担当》谈学习体会并开展研讨，进一步深入领会高水平科技自立自强的重大意义和丰富内涵，统一思想，凝心聚力，统筹推进全年各项工作任务落实。 ,0
张亚平副院长调研地理资源所,1
6月17日上午，中国科学院副院长、党组成员张亚平到地理资源所就评价体系改革和资源配置改革举措、国际合作及科研诚信工作情况进行了调研。,0
张亚平听取了地理资源所葛全胜所长的工作汇报，并与所领导班子、部分科研骨干及行政各部门负责人进行了座谈交流，听取大家的建议。  　　张亚平指出地理资源所进一步围绕“国家队”、“国家人”、“国家事”、“国家责”推进评价体系改革及相关政策举措落地。,0
在国际合作方面，在当前形势下要走出一条新路，有所为，有所不为，要有高标准严要求新手段，聚焦主责主业，解决国家重大关切，提高研究所的创新能力。,0
在国重重组中要加强国际合作内容，通过国际合作更好助推其发展。,0
在学风和科研诚信建设方面，要压实主体责任，做好宣传教育，规范办事流程，保障研究所工作顺利开展。  　　监督与审计局局长杨卫平、国际合作局副局长吴艳等参加调研。 ,0
中国农业发展集团有限公司一行调研地理资源所,1
4月27日下午，中国农业发展集团有限公司党委书记、董事长曹江林一行调研了地理资源所，并与研究所的科研骨干就加强农业领域的合作进行了座谈交流。   　　地理资源所首先介绍了近年来的科研工作进展、黑土地智能化管控与决策支持系统和滨海盐碱地现代农业技术集成与示范等工作，推动科研工作与农业现代化相结合，链接上下游资源，探索新业态和新模式。  　　曹江林介绍了集团发展历程、业务布局和“十四五”发展战略，并表示，地理资源所在黑土地的系统利用、需求预测、经济分析、种植品种及数量等方面做出了重要的研究，为指导农业生产、提高农场的运营效率提供了有力支撑。  　　双方在黑土地的综合开发利用、数字化农场、农产品交易以及盐碱地土壤改良和空间优化相结合等方面展开深入研讨。期待,0
在种业、畜牧业、农场、农机、农贸和金融等领域开展深入对接，加快务实合作，为中国农业的发展贡献力量。,0
中国农业发展集团有限公司副总经理曹恒真、副总经济师李学林、中国农垦集团有限公司党委书记、董事长张磊，地理资源所所长葛全胜、中国科学院原秘书长邓麦村、特聘研究员解源，以及地理资源所10余位科研骨干参加了调研。,0
地理资源所召开2022年度工作会议,1
2月22日，中国科学院地理科学与资源研究所2022年度工作会议以现场与视频相结合的方式召开。,0
本次会议的主要任务是：以习近平新时代中国特色社会主义思想为指导，深入学习贯彻党的十九大和十九届历次全会精神，深入贯彻落实党中央、国务院重大决策部署，积极落实中国科学院2022年度工作会议精神和总体部署，总结2021年主要工作，研究部署2022年重点任务，结合“十四五”规划组织实施，进一步聚焦主责主业，强化使命担当，以优异成绩迎接党的二十大召开,0
。,0
会上，所长葛全胜代表所领导班子做了2022年度工作报告，全面系统总结了2021年研究所各项工作进展，深入分析了研究所发展面临的机遇和挑战，部署了2022年重点工作。,0
党委书记廖小罕做了2021年度党建及纪监审工作报告，总结了党建主要工作进展，系统阐述了2022年促进党建与科技创新深度融合的工作思路。,0
副所长高星、封志明、刘卫东分别就财务和资产运营、科研支撑能力建设、人才队伍建设和学生培养等方面工作做了专题报告。,0
廖小罕宣读了“地理资源所关于对2021年度先进集体和个人予以通报表扬的决定”。,0
会议由党委副书记、纪委书记王生林主持。  　　会议指出，一年来，全所广大干部职工勠力同心、努力克服新冠疫情影响，积极落实院党组重大决策部署，加强党的全面领导，传承弘扬科学家精神，强化使命担当，聚焦主责主业，实现了“十四五”良好开局。,0
2021年，研究所总收入达到预期，科研支撑能力持续稳定增强。,0
"目前,6个学科进入ESI全球排名前1%（全院研究所第二，地学领域第一）。",0
2021年，地理资源所作为第一完成单位，在影响因子大于3的学术期刊上发表高质量论文531篇，比上年增长17.2%。,0
荣获省部级以上科技奖励19项：作为第一完成单位获得中共中央国务院颁发全国脱贫攻坚先进集体表彰1项，获得中国科学院科技促进发展奖1项，省部级特等奖、一等奖、二等奖各1项。,0
有三项科研成果入选国家“十三五”科技创新成就展。,0
2021年，研究所引进各类青年人才19人，新获得各类人才称号12人，各级岗位晋升101人。,0
2022年是全面推进“率先行动”计划第二阶段和“十四五”规划、狠抓落实的关键之年。,0
会议认为，以习近平同志为核心的党中央高度重视科技创新，对强化国家战略科技力量、实现高水平科技自立自强作出全面部署。,0
研究所要按照党中央、国务院对科学技术的系列重要指示批示精神、院党组的战略部署，结合实际工作，把“国家事”、“国家责”真正落实到研究所的规划布局和重大任务中，对标科技发展新趋势和新范式，聚焦地理资源领域国家战略需求和重大科学问题，着力解决事关国家安全的关键核心技术，为国家高质量发展和生态文明建设提供有力科技支撑,0
。,0
各部门分组讨论审议了2022年度工作会议报告和各专题报告。,0
与会代表对2021年研究所各项工作取得的进展和成就予以高度评价，并就2022年度重点工作等进行了热烈讨论。,0
大家认为此次工作会议准确把握了地理资源领域强化国家战略科技力量主力军作用的着眼点和发力点，明确了狠抓落实的重点任务和工作要求，体现了强烈的科技强国意志和责任担当精神。,0
大家表示，一定要把会议精神学习领会好、贯彻落实好，按照部署，凝心聚力、真抓实干，为强化地理资源领域的国家战略科技力量、实现高水平科技自立自强做出应有的创新贡献。,0
所领导班子成员、两院院士、所老领导、所党委委员和纪委委员、所务委员、机关管理部门及实验室负责人等和全所科研、管理、支撑部门的人员近五百余人以现场或视频的形式参加了会议。,0
首届“一带一路”高质量发展学术论坛在京召开,1
2022年1月22日，首届“一带一路”高质量发展学术论坛在中国科学院地理科学与资源研究所（以下简称中科院地理资源所）召开。,0
该论坛由中科院地理资源所、全国政协丝路规划研究中心、“一带一路”国际科学组织联盟（ANSO）、中国社会科学院亚太与全球战略研究院、中国人民大学重阳金融研究院、北京大学区域与国别研究院、清华大学一带一路战略研究院、北京师范大学一带一路学院、复旦大学一带一路和全球治理研究院、北京第二外国语学院中国一带一路战略研究院、浙江大学西部发展研究院、兰州大学一带一路研究中心、华侨大学国际关系学院、全球化智库（CCG）和中国土木工程集团有限公司16家研究机构联合发起。,0
A,0
NSO主席、“一带一路”高质量发展学术论坛主席白春礼，北京大学国家发展研究院名誉院长林毅夫，中国社会科学院副院长王灵桂，外交部原副部长何亚非，中联部原副部长于洪君，保监会原副主席周延礼，国家开发银行原行长郑之杰，中国科学院院士秦大河和陆大道等150余名业内知名专家、学者、官员、企业代表，通过线下或线上的方式参与了此次论坛。,0
此次论坛共由开幕式、主旨报告、圆桌论坛三部分组成。,0
论坛开幕式环节由论坛秘书长、中科院地理资源所副所长刘卫东主持。,0
论坛主席白春礼，丝路规划研究中心第一届理事会理事长、第十二届全国政协副主席陈元（书面致辞，刘冠峰宣读），中科院地理资源所所长葛全胜，“一带一路”建设战略规划牵头起草人、国家发改委社会司司长欧晓理，中国土木工程集团有限公司董事长刘为民等分别致辞。,0
白春礼指出，“一带一路”是改革开放后中国提出的第一个全球性倡议，为世界治理带来全新思想，成为世界上越来越多国家探索新型国际合作模式和打造人类命运共同体的重要实践平台，已产生广泛而深远的影响。,0
总的来看，“一带一路”倡议已成为广受欢迎的国际公共产品，也是全球规模最大的合作平台。,0
倡议提出以来的实践成果充分证明，“一带一路”倡议顺应时代潮流，契合世界发展规律，符合各国人民利益。,0
论坛主旨报告环节由论坛副秘书长、中国人民大学重阳金融研究院执行院长王文主持。,0
北京大学国家发展研究院名誉院长林毅夫，中国社会科学院副院长王灵桂，保监会原副主席周延礼，国家开发银行原行长郑之杰，外交部原副部长何亚非，中联部原副部长于洪君，国家发改委一带一路建设促进中心主任翟东升，中国国际经济交流中心总经济师陈文玲，论坛秘书长、中科院地理资源所副所长刘卫东等分别做主旨报告。,0
会议当天下午还举行了两场圆桌论坛，与会专家学者就提高“一带一路”话语权、防范“一带一路” 建设风险、“一带一路”研究建议等话题展开讨论，为推动“一带一路”高质量发展建言献策。,0
此次论坛被新华社、中新社、中国网等多家媒体广泛报道。,0
地理资源所三项科研成果入选国家“十三五”科技创新成就展,1
地理资源所学习贯彻2021年夏季党组扩大会议精神,1
中科院副院长张亚平调研地理资源所,1
9月29日，中科院副院长、党组成员张亚平到地理资源所调研，分别听取了党建工作、贯彻落实党中央和院党组决策部署情况，以及围绕“国家事”“国家责”，研究所“十四五”规划思路与举措的工作报告，并与领导班子成员和科研骨干进行了座谈交流。,0
张亚平充分肯定了地理资源所围绕国家重大需求，贯彻落实党中央和院党组决策部署，在重大科研任务产出和重大决策咨询等各方面取得的成就。,0
他强调，“十四五”期间，地理资源所作为“国家队”，一要按院党组要求从“国家事”里凝练科学目标和科学问题，引领学科发展，扛好“国家责”；二要扩大国际影响，利用新技术和新手段，加强学科交叉，利用建制化优势，引领传统学科变革，服务于联合国可持续发展目标和“一带一路”建设；三要加强青年人才队伍建设，进一步提升研究所科研团队的竞争力。  　　中科院国际合作局副局长王振宇、科技促进发展局四级职员翟金良，以及前沿局、监审局相关领导陪同调研。,0
地理资源所所长葛全胜、党委书记廖小罕、党委副书记王生林、副所长封志明、刘卫东，各职能部门负责人和20余位科研骨干参加了座谈。,0
科技部副部长张雨东调研地理资源所,1
地理资源所第五届“感受地理之美”优秀大学生夏令营成功举办,1
全国政协专题调研黑土粮仓齐齐哈尔示范区,1
7月9日，全国政协人口资源环境委员会在哈尔滨组织召开“加强黑土地保护座谈会”。,0
全国政协副主席何维出席会议，中国科学院地理科学与资源研究所所务委员、黑土粮仓齐齐哈尔示范区前线指挥廖晓勇受邀参会作了“黑土粮仓全域定制模式”专题报告，受到与会领导和专家高度评价。,0
随后，全国政协调研组赴齐齐哈尔示范区开展“加强黑土地保护”专题调研，调研组由全国政协常委、人口资源环境委员会主任李伟任组长。,0
7月11日，调研组来到示范区指挥部，与示范区共建单位代表及青年突击队员召开座谈会。,0
会议由中国科学院地理科学与资源研究所党委副书记王生林主持，中国科学院农业科技办公室副主任韩永滨、中国科学院黑土粮仓科技会战总指挥、东北地理与农业生态研究所所长姜明出席会议并讲话。,0
调研组听取了中国科学院黑土粮仓科技会战工作情况介绍和齐齐哈尔示范区建设进展汇报，并就黑土地退化本底数据、黑土地保护技术应用等内容展开了交流。,0
7月12日，调研组实地考察了依安县攻关试验区和10万亩核心示范区，详细调研了示范区有机农业品种优选试验进展、天-地-空农情监测系统、土地规模经营与乡村振兴融合模式和智能除草机装备应用进展情况。,0
在依安县太东乡沿江村，调研组与当地农业龙头企业、种植大户、农机合作社、村民代表座谈，现场互动交流热烈，深入讨论了黑土地保护与有机转换中面临的问题及应对对策。,0
调研期间，全国政协调研组领导专家高度评价齐齐哈尔示范区建设工作，并提出了一系列建设性建议。,0
调研组总体认为，示范区在短短120天凝聚了一支能打胜仗、作风优良、勇于奉献的青年突击队员，基本摸清了齐齐哈尔黑土地家底，完成了万亩级示范区的建设，提出了中科院全域定制模式，进展良好，成果可期。,0
示范区提出的全域定制系统解决方案工作思路先进，很有针对性、系统性和标准性，是可复制的。,0
建议更加注重模式的可行性、可操作性和可实践性，要广泛听取农民的建议，深入倾听农户的呼声，做好投入产出分析，在万亩级试验示范的基础上，加快中试和规模化推广。,0
最后，齐齐哈尔示范区被列为全国政协黑土地保护五年民主监督调研点。,0
中国科学院黑土粮仓科技会战是落实习近平总书记＂把黑土地用好养好＂重要指示精神的重大战略部署。,0
中国科学院地理科学与资源研究所发挥学科综合优势，组织国内一流科研力量，在齐齐哈尔市建设万亩攻关试验区和10万亩核心示范区，创新提出了包含“一地一策、依村定策、分区施策”三大策略的黑土粮仓全域定制模式，并在依安县打造全域定制模式样板，构建促进黑土地保护利用的区域系统解决方案。,0
该模式可复制可推广，对于保障国家粮食安全，探索东北农业现代化之路，促进乡村振兴和东北老工业基地全面振兴都具有重大现实意义。,0
地理资源所组织收看习近平总书记在庆祝中国共产党成立100周年大会上的重要讲话并引发所内科研人员热烈反响,1
地理资源所举办2020届和2021届研究生毕业典礼,1
6月23日下午，中国科学院地理科学与资源研究所（以下简称“地理资源所”）2020和2021届研究生毕业典礼隆重举行。,0
地理资源所所长葛全胜、地理资源所党委书记廖小罕，地理资源所学位委员会主任、中国科学院院士郑度，副所长高星、封志明、刘卫东等所领导，以及部分所学位评定委员会委员和导师代表出席毕业典礼。,0
145名博士研究生和87名硕士研究生身穿学位服参加毕业庆典。,0
"毕业典礼由刘卫东主持。  　　典礼在雄壮的国歌声中开始，葛全胜所长首先致辞,他代表研究所向圆满完成学业的各位同学表示热烈祝贺，向辛勤培养同学们的各位导师表示敬意,向长期以来关心和支持地理资源所发展的学生家长、亲属和朋友们表示感谢。",0
他指出，大家在研究所学习的这段人生经历，造就了你们自信而淡定的气质，希望大家带着这份自信和淡定，从容走向新的人生征程，宠辱不惊，处世泰然。,0
地理资源所已有八十多年的发展历史，这八十年来积淀形成的求真与包容的科研文化，已经嵌入你们的思维，融入你们的心灵，,0
希望大家继续发挥老一辈科学家精神，以求真包容的态度，勇担时代责任，勇攀事业高峰，造福广大人民，我们国家已开启全面建设社会主义现代化新征程，这正是青年人大有可为，也必然是大有作为的历史机遇，祝愿大家在今后的人生舞台上演绎出壮美的篇章。,0
他表示，地理资源所始终是大家事业发展的坚强后盾，也希望毕业生们常回家看看。,0
"地理资源所研究员苏奋振作为导师代表发言,他向各位毕业生表示衷心的祝贺和诚挚的祝福，希望各位毕业生踏出地理资源所的那一刻，骄傲挂在脸上，心里满怀感恩，勉励同学们在新的岗位上将在地理资源所所学知识和本领落到实处，发扬光大、砥砺前行、再续华章。",0
2020届毕业生代表程诗奋、2021届毕业生代表郑智以及留学生代表Simon Measho Yhdego分别发言。,0
三位同学回顾了令他们难忘且受益颇丰的在所求学之路，感恩地理资源所的培养，感恩导师的培养。,0
在感恩之外，他们表达了地理资源所学生的家国情怀，决心为中华之崛起而继续奋斗。,0
他们愿各位毕业生们保持热爱、奔赴山海、忠于初心、勇毅前行；衷心祝愿研究所事业发展蒸蒸日上，老师们工作顺利、身体健康，同学们鹏程万里。,0
廖小罕宣读了2021年度中国科学院地理科学与资源研究所优秀毕业生名单，葛全胜和郑度为获奖者颁发奖章。  　　最后，2020和2021届毕业生依次走上主席台，与会领导和各位导师代表庄严地将各位毕业生的学位帽流苏扶正，为他们颁发了毕业证书并合影留念。  　　本次毕业典礼将部分2020届毕业生邀请回所，弥补他们因疫情影响未能举行毕业仪式的遗憾。,0
另外，2021年的毕业典礼首次在研究所内部广场举行，典礼过程热烈隆重，为毕业学子们送上了一次难忘的毕业仪式。,0
张涛调研“黑土粮仓”齐齐哈尔示范区,1
地理资源所成功举办2021年第十七届公众科学日系列活动,1
5月22-23日，中科院地理科学与资源研究所举办了主题为“百年复兴路，科学正当时”的中国科学院第十七届公众科学日活动。,0
对外合作处、综合办公室、中国地理学会、中国自然资源学会和研究生会等，组织了第十四届“地球小博士”全国地理科普知识大赛、京区科普论坛等丰富多彩的活动内容，300余名社会公众参加了本次活动。,0
中国地理学会邀请地理资源所张青松研究员、北京师范大学王民教授、北京一零一中学张雪老师以及北京交通大学附中段长胜老师分别讲授了“可可托海的故事”等科普课程，把公众从课堂带到田野。,0
中国自然资源学会邀请地理资源所赵士洞研究员开展了“走进奥运园区，认知身边植物”户外科普活动。,0
赵士洞研究员介绍了园区内60多种乔、灌木植物的基本特征和相关的生物学和生态学知识，同时为部分植物悬挂名牌。,0
授课过程中，公众们踊跃提问，现场气氛热烈。  　　活动期间，地理资源所所史馆首次向社会公众开放，吸引了近200名社会公众参观。,0
通过东西两个展厅的内容，使社会公众对研究所80年的发展历程及若干重要成果以及传承发展产生了深刻印象。,0
长期以来，地理资源所始终将科学普及和传播作为一项重要使命认真组织和落实。,0
每年的公众科学开放日已经成为地理资源所科普工作的品牌活动，吸引了广大社会群众和大中小学生参观，让大家走进科学、走进研究所，为弘扬科学精神，传播科学知识，提高全民科技文化素质做出了积极贡献，收到了良好的社会效果。,0
余欣荣调研地理资源所,1
4月23日上午，全国政协委员、中国农业绿色发展研究会理事长、农业农村部原党组副书记、副部长余欣荣到地理资源所调研，中国农业绿色发展研究会秘书长、中国农业科学院科技局局长杨鹏等一同调研。,0
余欣荣一行参观了地理资源所所史馆，听取了地理资源所所况介绍、中科院涉农领域的科研工作进展、黑土养护水保成效的多尺度模拟以及“黑土粮仓”科技会战部署工作的汇报，与科学家代表和“黑土粮仓”科技会战的科研骨干进行了座谈。,0
余欣荣对地理资源所在农业领域开展的系列工作和成绩表示肯定，对黑土地开发与保护工作提出了明确的要求。,0
根据农业部、国家发改委、财政部、国土部、环保部、水利部6部委联合印发的《东北黑土地保护规划纲要（2017—2030年）》相关要求，中科院在“黑土粮仓”科技会战中要通过系统的顶层设计，充分思考新形势下黑土地开发保护中的科技问题，开展严谨、精密的科学研究与应用示范，取得了经得住历史考验的成果。,0
他强调，黑土保护要走生产、生活、生态“三生”融合前提下的绿色发展道路，避免就利用而利用，要在保护中利用，在利用中保护。,0
要将治标性的农艺措施与治本性的工程措施有机结合，以保障黑土地质量的长期稳定。,0
同时，在黑土地开发过程中，要用现代技术加强规模化、数字化、绿色化的统筹并进，在黑土地保护过程中要推进产业化、循环化与无害化。,0
中科院科技促进发展局副局长孙命介绍了中科院“黑土粮仓”科技会战的“项目、平台和人才”三位一体的总体部署，将把示范区作为科技会战的前沿哨所，以凝聚科学院涉农科研院所的力量开展工作。,0
同时也将加大政策上的激励以引导青年科研人全身心的投入。,0
东北地理所所长姜明介绍了黑土地上已开展的秸秆和有机肥形式的有机质归还模式。,0
地理资源所所长葛全胜表示，地理资源所将统筹发挥学科综合性优势，积极组织青年骨干力量，通过“黑土粮仓”科技会战中科学、系统的研究与推广，全面贯彻新发展理念，努力实现高质量发展，积极构建新发展格局，努力践行新发展思路。  　　地理资源所所领导班子成员王生林、刘卫东陪同调研。  　　  ,0
全国脱贫攻坚总结表彰大会隆重举行  地理资源所科研团队获得表彰,1
2 月 25 日，全国脱贫攻坚总结表彰大会在京隆重举行。,0
代表中国科学院承担国家精准扶贫工作成效第三方评估的地理科学与资源研究所团队荣获“全国脱贫攻坚先进集体”称号。,0
地理资源所刘彦随研究员代表团队参加大会并领奖。,0
受党中央、国务院委托，我所连续 6 年代表中国科学院承担了国家精准扶贫工作成效第三方评估工作。,0
在国务院扶贫办和中国科学院党组直接领导下，参与评估的科研人员时刻牢记初心使命，敢于创新争先，创建了精准扶贫成效评估理论、技术体系和大数据系统，深入调查了我国中西部 22 个省份的 603 个县、5380 个村，获得农户问卷 15.5 万份，高质量完成国家精准扶贫工作成效第三方评估重大任务，发挥了“质检仪”、“指挥棒”和“以评促改”的重要作用，支撑了全国脱贫攻坚考核与决策，为如期决战脱贫攻坚的伟大事业做出重大贡献。,0
我所国家精准扶贫工作成效第三方评估团队荣获“全国脱贫攻坚先进集体”称号，是党中央国务院对地理资源科学服务支撑国家重大需求成果的高度肯定，是我所全体职工的光荣。,0
“国家精准扶贫工作成效第三方评估中国科学院地理科学与资源研究所团队”被授予“全国脱贫攻坚先进集体”,1
2021年2月25日，全国脱贫攻坚总结表彰大会在北京人民大会堂隆重举行。,0
中共中央总书记、国家主席、中央军委主席习近平向全国脱贫攻坚楷模荣誉称号获得者等颁奖并发表重要讲话。,0
习近平总书记庄严宣告，经过全党全国各族人民共同努力，在迎来中国共产党成立一百周年的重要时刻，我国脱贫攻坚战取得了全面胜利；完成了消除绝对贫困的艰巨任务，创造了又一个彪炳史册的人间奇迹!,0
这是中国人民的伟大光荣，是中国共产党的伟大光荣，是中华民族的伟大光荣!,0
习近平总书记特别指出“我们实行最严格的考核评估”，“建立全方位监督体系，真正让脱贫成效经得起历史和人民检验”。,0
在总结表彰大会上，“国家精准扶贫工作成效第三方评估中国科学院地理科学与资源研究所团队”被中共中央、国务院授予“全国脱贫攻坚先进集体”，中国科学院精准扶贫评估研究中心主任刘彦随研究员代表团队出席了总结表彰大会。  　　党的十八大以来，党中央把脱贫攻坚摆在治国理政的突出位置，把脱贫攻坚作为全面建成小康社会的底线任务。,0
创新性地实施精准扶贫方略，实行“最严格的考核评估”制度。,0
2015年11月，《中共中央国务院关于打赢脱贫攻坚战的决定》中指出，加强对扶贫工作绩效的社会监督，开展贫困地区扶贫群众满意度调查，建立对扶贫政策落实情况和扶贫成效的第三方评估机制。,0
2016年5月，经过公开竞标，受国务院扶贫开发领导小组委托，中国科学院成为第三方评估机构，依托地理资源所组建了“国家精准扶贫工作成效第三方评估团队”和“中国科学院精准扶贫评估研究中心”，并第一时间成立了由中国科学院白春礼院长任组长的评估领导小组、地理资源所葛全胜所长任组长的评估总体组、刘彦随研究员任组长的评估专家组和22个分省评估组。,0
该团队以区域可持续发展院重点实验室为主要力量，联合了全国40多家高校及科研院所地理学院（系）等相关领域的专业人员共同组成。,0
2016年以来，该团队坚持独立、客观、公正、科学的原则，注重发挥农业地理与乡村发展专业优势，因地制宜、群策群力、攻坚克难、开拓创新，连续6年高质量完成了国家精准扶贫工作成效第三方评估重大任务。,0
参加评估调查的专家学者累计超过10000人次，实地调查了中西部22个省份的603个县、5380个村和16余万农户，提交评估报告138本、1400余万字和专项建议报告30余份。,0
被誉为世界上首次开展的、规模最大和影响最广的国家第三方评估。,0
第三方评估团队坚持标准、较真碰硬、真评实考，保证了评估结果的真实性、可靠性，充分发挥了“质检仪”、“指挥棒”和以评促改、科技智库的重要职能，全程支撑了全国脱贫攻坚考核评估与科学决策，引领带动了省际间交叉考核、中西部各省脱贫攻坚工作成效评估、贫困县退出评估等系列评估工作，为如期决战脱贫攻坚的伟大事业做出了重大贡献，得到了党中央、国务院及相关部委的充分肯定和嘉奖。  　　面向国家重大需求，团队成员牢记使命、勇于担当、联合攻关，系统创新了精准扶贫成效评估理论与技术体系，揭示了新时期农村贫困化特征与分异规律，形成了贫困化“孤岛效应”、扶贫供给侧结构与工程扶贫等理论认知，研制了支撑国家精准扶贫成效第三方评估系列关键技术、指标体系和“两制度、三系统”调查规程，创建了空间分层抽样技术、评估标准规范和“六个一”（一套问卷、一支录音笔、一台照相机、一部摄像机、一个GPS和一张高分地图）工作方法，开发了国家精准扶贫成效评估大数据系统和“精评通”成套设备，解决了精准扶贫成效如何精准化、定量化和动态监测、决策支持等关键问题。,0
通过理论研究、技术创新和实践应用，使调查评估工作效率提高 30%、成本降低 40%。,0
技术成果获中国科学院科技促进发展奖、全国脱贫攻坚奖创新奖等奖项，第三方评估成果入选中国科学院建院70周年创新成果。  　　在2020年如期决战脱贫攻坚、全面推进乡村振兴战略新格局下，该团队深入开展精准扶贫评估理论、方法论与模式总结，撰写出版“精准扶贫评估理论与实践丛书”，发起成立了“一带一路”国际科学组织联盟(ANSO) “一带一路”减贫与发展联盟，努力为面向全球可持续发展目标（SDGs）的减贫与发展科学研究、专业人才培养、科技智库建设和国际合作交流贡献力量。    ,0
阴和俊副院长调研地理资源所,1
2月4日下午，中国科学院副院长、党组副书记阴和俊调研了地理资源所。,0
中国科学院党组成员、副秘书长于英杰一同调研。,0
阴和俊参观了地理资源所所史馆，听取了地理资源所“十三五”科研和党建工作的进展及有关专题工作的汇报，与老科学家代表和研究所科研骨干进行了座谈。,0
阴和俊对地理资源所的工作表示肯定，对下一步工作提出了明确要求。,0
他指出，当今世界正经历百年未有之大变局，科技创新是影响世界格局的关键变量。,0
党的十九届五中全会提出坚持创新在我国现代化建设全局中的核心地位，把科技自立自强作为国家发展的战略支撑。,0
中央经济工作会议对强化国家战略科技力量作出了具体部署。,0
我们一定要深刻学习领会，按照习近平总书记对中国科学院提出的“四个率先”和“两加快一努力”重要要求，牢记国家战略科技力量的使命担当，心系“国家事”，肩扛“国家责”，聚焦国家重大战略需求，加倍努力，不懈奋斗，力争在原始创新和关键核心技术攻关中取得更多重大突破，为经济社会高质量发展和国家安全提供强大科技支撑,0
。,0
他强调，地理资源所要在院党组的领导下，切实落实党对科技工作的全面领导，进一步加强基层党组织建设，带领全所科研人员继承和弘扬老一辈科学家报国为民的壮志情怀，不忘初心，牢记使命，凝心聚力，奋发作为，力争“十四五”期间在基础科学前沿研究和服务支撑国家重大需求方面作出更大贡献，继续走在全院前列。,0
于英杰在座谈时指出，地理资源所广大职工要认真学习2021年院工作会议精神，把思想和行动统一到院党组决策部署上来，为“十四五”工作开好局、起好步。  　　中国科学院重大科技任务局副局长黄铁青、直属机关纪委书记刘红辉，重大科技任务局综合处处长姜言彬、资环生物处处长任小波，地理资源所所领导班子成员葛全胜、廖小罕、高星、封志明、刘卫东参加了调研。 ,0
地理资源所召开2021年度工作会议,1
2021年2月8日，中国科学院地理科学与资源研究所2021年度工作会议以线上与线下相结合的方式召开。,0
本次会议以习近平新时代中国特色社会主义思想为指导，深入贯彻落实党的十九大和十九届二中、三中、四中、五中全会精神以及中央经济工作会议精神，深入贯彻落实党中央、国务院重大决策部署，积极落实中国科学院2021年度工作会议精神和总体部署，总结地理资源所2020年主要工作，分析当前科技发展新形势，研究部署全所2021年重点工作，确保“十四五”开好局、起好步，以优异成绩迎接建党100周年。,0
会上，所长葛全胜代表所领导班子做了2021年度工作会议报告，全面系统总结了2020年研究所各项工作进展，深入分析了研究所发展面临的机遇和挑战，部署了2021年重点工作。,0
党委书记廖小罕做了2020年度党建及纪监审工作报告，总结了党建主要工作进展与巡视整改工作成效，系统阐述了2021年党建与科技创新相融合的工作思路。,0
副所长高星、封志明、刘卫东分别就财务和资产运营、科研支撑能力建设、人才队伍建设和学生培养等方面工作做了专题报告。,0
廖小罕宣读了“地理科学与资源研究所关于对2020年度先进集体和个人予以通报表扬的决定”。,0
会议由副所长刘卫东主持。  　　会议指出，一年来，全所广大干部职工团结一致，积极落实院党组重大决策部署，全面加强党的领导，坚持以党建促创新，为科研工作提供了坚强的政治、思想和组织保证。,0
以巡视整改任务为抓手，促进了研究所整体工作提升。,0
在中国科学院“率先行动”计划第一阶段中，地理资源所“一三五”规划顺利通过验收，其中2项重大突破、3项重点培育方向、1项代表性科技成果获评院优秀。,0
2020年研究所总收入9.62亿元，科研支撑能力大幅增强。,0
6个学科进入ESI全球排名前1%（全院研究所第二，地学领域第一）。,0
发表SCI/SSCI论文1674篇，其中，高质量国际论文301篇（全球研究机构第六）。,0
获省部级以上科技奖励20项，其中作为第三完成单位获得国家自然科学奖二等奖2项，国家科学技术进步奖二等奖1项；作为第一完成单位获省部级一等奖1项。,0
2020年研究所引进各类人才17人，新获得各类人才称号11人，各级岗位晋升108人。,0
千烟洲站、那曲站进入国家野外观测研究站择优支持名单。,0
2021年是建党100周年，也是“十四五”开局之年。,0
会议认为，以习近平同志为核心的党中央高度重视科技创新，对强化国家战略科技力量、实现科技自立自强作出新部署、提出新要求。,0
研究所要认真贯彻落实党中央、国务院、院党组决策部署，把习近平总书记对中科院提出的“四个率先”和“两加快一努力”要求，作为一切工作的出发点和落脚点，作为检视工作成效的标准；大力弘扬科学家精神，肩负起国家战略科技力量的历史担当和时代担当，努力在科技自立自强中发挥骨干引领作用；加快推进国际一流研究所建设，促进地理资源学科创新发展。,0
各部门分组讨论审议了2021年度工作会议报告和各专题报告，与会代表对2020年研究所各项工作取得的进展和成就予以高度评价，并就2021年度重点工作等进行了热烈讨论。,0
大家认为地理资源所应始终牢记作为“国家队”、“国家人”，必须心系“国家事”，肩扛“国家责”，坚守“创新科技、服务国家、造福人民”的初心和使命，努力抢抓战略机遇，找准定位，明确方向，乘势而上，加快发展。,0
所领导班子成员、在京的两院院士、所党委委员和纪委委员、所务委员、机关管理部门及实验室负责人、所老领导等在现场参加了会议。,0
全所大部分科研、管理、支撑部门的人员通过线上方式参加会议。,0
中国科学院特别专项“新疆可持续发展研究”2020年度进展汇报会在京召开,1
2021年1月7日，中国科学院特别专项“新疆可持续发展研究”2020年度进展汇报会在地理资源所召开。,0
专项首席白春礼、专项办主任邓勇，院科发局副局长赵千钧、科技合作处处长刘斌，专项课题和特别专题负责人及部分研究骨干参加了会议。,0
会议由首席助理葛全胜主持。  　　白春礼认真听取了专项办关于专项2020年度总体进展及5个课题和3个特别专题研究进展的汇报，对相关研究过程、成果要点进行了仔细的质询，对专项年度工作进展给予了高度肯定。,0
他指出，承担专项任务的广大科研人员克服疫情带来的不利影响，严格执行年初的工作部署，高质量完成了年度研究任务，专项研究工作取得了良好进展。,0
他希望，相关进展可进一步凝练成重大亮点成果，如多融合改革开放试验区发展模式，新疆用水及生产建设兵团可持续发展问题的研究很深入、很扎实，具备了报送相关部门的水平。,0
关于如何进一步做好下一步工作，白春礼指出，专项研究要紧紧围绕党中央治疆方略，按照新疆“社会稳定和长治久安”的总要求，一是要进一步加大野外考察和实地调研，收集第一手资料，确保研究成果的科学性；二是统筹协调好各课题研究，注重成果的总结凝练，加快研究成果的出版，同时做好成果安全工作；三是积极推进专项各项成果的落地应用，切实为新疆可持续发展提出有针对性的建议和解决方案。  　　会前，白春礼在地理资源所领导的陪同下，参观了地理资源所所史馆。  　　   　　　　　  ,0
地理资源所所史研讨会暨所史馆开馆活动在京举行,1
2020年12月26日，中科院地理科学与资源研究所所史研讨会暨所史馆开馆活动在京举行。,0
研讨会采用线上线下相结合的方式举行，所领导班子成员、研究所老领导、在职职工、博士后、研究生和离退休同志代表以及南京地理与湖泊研究所等29家单位嘉宾共计300余人，出席了研讨会和开馆活动。,0
研讨会由党委书记廖小罕主持。,0
所长葛全胜在致辞中简要回顾了研究所80年发展历程，报告了研究所的发展现状，深刻缅怀了竺可桢、黄秉维、漆克昌等老一辈科学家的突出贡献。,0
他指出，我们要以史为鉴，大力弘扬老一辈科学家筚路蓝缕、矢志报国的高尚情怀，继承他们勇于探索、敢为最先的创新精神，携手推动研究所科研事业迈上新的台阶，为我国地理资源科学的发展、为支撑服务国家需求和人类文明的进步作出新的更大贡献！  　　中科院院士孙鸿烈深情追忆了上个世纪研究所科研人员跋山涉水、风雨兼程对青藏高原、新疆和南方丘陵山区等进行科学考察的过程，以及原综考会和地理所科研人员野外考察中亲密无间、团结协作的感人事迹。他高度肯定地理资源所发展现状，认为原综考会和地理所的整合非常成功，对研究所发展前景充满希望。,0
刘昌明院士生动讲述了原地理所的发展历史，激情畅谈了竺可桢、黄秉维、陈述彭、吴传钧、左大康等地理学前辈竭力发展地理科学的动人故事，科学阐释了竺可桢关于地理学综合性和区域性的深邃内涵、黄秉维关于自然与人文要素耦合研究的学术思想，以及钱学森关于发展地球表层学的精辟论述。,0
地理资源所原所长刘纪远深切回忆了原综考会和地理所两所整合过程及地理资源所进入知识创新工程试点后砥砺前行的发展历程，对研究所在国家创新体系建设中做出的贡献深表自豪。,0
他希望研究所广大职工要不忘初心、牢记使命，把研究所建设得更好。,0
区域发展实验室陈明星代表在职职工分享了与研究所共同成长的经历，表达了要继承前辈精神、勇攀高峰的决心。,0
生态系统实验室博士生韩朗代表全体在读研究生表达了对研究所的真挚情感与美好祝愿。,0
研讨会上，参会代表还一起观看了“中国科学院地理资源所80年发展历程”视频，听取了中科院南京分院院长杨桂山讲述地理资源所和南京地理湖泊所同气连枝、风雨相伴的过程，以及两所长期以来在科学研究、人才培养等方面携手前行、协力创新的佳话。  　　所史研讨会结束后，葛全胜、廖小罕，及研究所老领导孙鸿烈、郑度、刘纪远、刘毅、成升魁、赵士洞，职工代表刘昌明，兄弟所代表杨桂山等一起为地理资源所所史馆开馆。  　　所史馆由“发展足迹”和“现代传承”两部分展厅构成，以丰富的图片和实物藏品，系统展示研究所发展历史和创新征程，旨在复刻历史、弘扬精神、传承文化、激励后学。  ,0
张亚平副院长调研地理资源所相关工作,1
12月14日上午，中国科学院副院长、党组成员张亚平调研了地理资源所。,0
张亚平听取了地理资源所在开展资源环境国际合作、服务国家“一带一路”倡议、推进科研诚信建设方面的工作汇报。,0
张亚平对地理资源所的相关工作表示满意，对未来工作做出了明确指示和要求，希望地理资源所在提升国际影响力、加强科研诚信建设方面继续走在全院前列。,0
中国科学院监督与审计局局长杨卫平、国际合作局副局长沈毅、北京分院副院长李静，地理资源所所长葛全胜、党委书记廖小罕、副所长高星、封志明、刘卫东，中国科学院办公厅、国际合作局、监督与审计局、北京分院有关同志参加调研。,0
地理资源所“十三五”时期“一三五”规划以优异成绩通过验收,1
2020年1月至7月，中国科学院组织完成了“率先行动”计划第一阶段目标任务总结评估工作，对“十三五”时期院属单位“一三五”规划任务书进行了验收。,0
根据中国科学院“率先行动”计划第一阶段目标任务总结评估结果，地理资源所“十三五”时期“一三五”规划顺利通过验收，其中2项重大突破、3项重点培育方向、1项代表性科技成果获评院优秀。,0
分别是：重大突破1“关键地表要素变化过程与生态系统演化机制研究”、重大突破2“区域发展和资源高效利用科学机理研究”、重点培育方向,0
2“区域发展科学机理及决策支持系统关键技术研究”、重点培育方向4“区域生态系统演化机制及监测、评估与管理研究”、重点培育方向,0
5“地理数据同化融合与知识挖掘方法论研究”、代表性科技成果“美丽中国生态文明建设科技支撑”。,0
“十三五”期间，地理资源所紧紧围绕国家重大需求和学科发展前沿，积极推动特色研究所建设和“一三五”规划实施，6个学科进入ESI排名前1%，连续三年国内论文被引，卓越科技论文两项指标均在全国研究机构中排名第一，高被引论文持续位居地学领域院属机构第一位，牵头承担国家重点研发计划项目28项，牵头承担中国科学院A类战略性先导科技专项“美丽中国生态文明建设科技工程”、中国科学院特别专项“新疆可持续发展研究”，全面参与国家第二次青藏高原综合科学考察，在“美丽中国”生态文明建设、“一带一路”倡议实施、精准扶贫评估、区域可持续发展、资源安全保障、生态监测与环境修复、地理大数据等方面取得一批重大创新性成果，为我国生态文明建设和区域可持续发展提供了重要的科技支撑。,0
2020年国家精准扶贫工作成效第三方评估启动暨培训会在京举行,1
11月28日至29日，“2020年国家精准扶贫工作成效第三方评估启动暨培训会”在中国科学院地理科学与资源研究所举行。,0
国务院扶贫办党组成员、副主任夏更生，中科院副院长、党组成员周琪出席启动会。,0
夏更生充分肯定了第三方评估取得的成绩，并就做好2020年评估工作提出明确要求。,0
他指出，第三方评估为党中央研判全国脱贫攻坚形势、决策部署提供了重要参考，为考核中西部22省区市省级党委政府扶贫开发工作成效提供了重要依据，有力推动了脱贫攻坚各项政策措施落地生根。,0
要准确把握2020年脱贫攻坚成效考核新部署新要求，进一步加强评估队伍建设，提升评估能力和水平，善始善终，善作善成，高质量完成各项任务。,0
周琪代表中科院感谢国务院扶贫办长期以来的信任与支持，介绍了中科院对科技扶贫和精准扶贫工作成效第三方评估的有关工作部署，要求评估组全力以赴，确保高质量完成评估任务；秉持科学精神，严谨务实、客观公正，为巩固脱贫实效、推进乡村振兴战略实施提供决策参考；在评估过程中，既要注意安全，严格遵守疫情防控要求，又要保质保量完成实地调查。,0
中科院地理资源所所长葛全胜代表研究所感谢国务院扶贫办的信任、中科院党组的支持和各分省评估调查组的通力合作。 　　评估专家组组长、中科院地理资源所研究员刘彦随介绍了2020年评估实施方案，从评估依据、指导思想与原则、评估工作组织、评估技术方法等方面详细介绍了有关任务要求。 　　会议对2019年国家精准扶贫工作成效第三方评估工作先进集体和个人进行了表彰。,0
夏更生、周琪为受到表彰的先进集体和个人颁发了荣誉证书。,0
会议还组织开展了评估调查业务培训。,0
国务院扶贫办有关部门负责人就驻村帮扶、饮水安全、产业扶贫等进行了政策解读，就评估调查问卷、评估报告撰写等进行了业务指导。,0
评估总体组就抽样规则与实地调查程序、入户调查流程与技巧、大数据平台软件等进行了培训和答疑。,0
启动会由中科院地理资源所副所长刘卫东主持，国务院扶贫办、中科院有关部门和单位、中西部22省区市评估调查组组长和骨干成员参加了会议。,0
“一带一路”减贫与发展联盟成立大会暨“全球可持续减贫与发展”学术研讨会在云南临沧举行,1
11月16-18日，“一带一路”减贫与发展联盟成立大会暨“全球可持续减贫与发展”学术研讨会在云南临沧举行。,0
来自亚洲、欧洲、非洲、北美洲、南美洲、大洋洲等六大洲20多个国家的200余名代表通过线上和线下方式参加了本次大会。,0
联合国贸易和发展会议主任Shamika Sirimanne、发展中国家科学院执行主任Romain Murenzi、国际地理联合会主席Michael Meadows院士、国务院扶贫办督查专员海波、国务院扶贫办综合司国际处处长赵懂文、国务院扶贫办中国扶贫发展中心主任黄承伟、中共云南省委副书记王予波、中共临沧市委书记杨浩东、“一带一路”国际科学组织联盟秘书处主任曹京华、“一带一路”减贫与发展联盟主席刘彦随等代表出席大会。,0
大会由“一带一路”减贫与发展联盟主席刘彦随和秘书长李玉恒共同主持，“一带一路”国际科学组织联盟主席、国务院扶贫办领导、云南省人民政府领导、联合国贸易和发展会议主任、发展中国家科学院执行主任、国际地理联合会主席等领导和专家分别致辞。,0
中国科学院院长、“一带一路”国际科学组织联盟主席白春礼院士致贺词，对“一带一路”减贫与发展联盟正式成立表示祝贺，向出席会议的各国科学和政府机构代表、国际组织负责人和各位专家学者表示热烈欢迎，并希望“一带一路”减贫与发展联盟能够聚焦“一带一路”区域减贫与发展的共性挑战和重大需求，充分依靠扶贫科技创新和经验交流，促进区域减贫、产业发展和改善民生，成为推进中国与各国间扶贫开发经验和模式共享，探索各国科技支撑精准扶贫新路径，推动构建人类命运共同体的重要科技平台，为全球减贫事业贡献力量。,0
国务院扶贫办督查专员海波代表国务院扶贫办对“一带一路”减贫与发展联盟成立表示热烈祝贺，系统介绍了中国精准扶贫工作取得的成效，并充分肯定了中国科学院及国家精准扶贫工作成效第三方评估团队的特殊贡献。,0
中共云南省委副书记王予波代表中共云南省委省政府向“一带一路”减贫与发展联盟成立表示祝贺，并表示云南省将全力支持并配合联盟为“一带一路”沿线国家共享云南的扶贫开发典型经验。,0
中共临沧市委书记杨浩东表示，将全力配合联盟为世界各国落实精准扶贫提供临沧做法和经验。,0
联合国贸易和发展会议主任Shamika Sirimanne女士表示，“一带一路”减贫与发展联盟成立有助于推进完成零贫困、消除饥饿的可持续发展目标，并充分肯定联盟对于推进联合国减贫与发展的贡献，预祝会议圆满成功。,0
发展中国家科学院执行主任Romain Murenzi先生表示，“一带一路”减贫与发展联盟的成立为发展中国家合作提供了良好机遇，为发展中国家减贫事业长期合作打了下坚实基础。,0
国际地理联合会主席Michael Meadows院士表示，地球资源是有限的，生态系统的维护是至关重要的，本次会议将可持续发展放在突出位置，而地理学科的宗旨就是推进可持续发展，他认为“一带一路”减贫与发展联盟定能助力2030年联合国可持续发展零贫困目标的落实落地。,0
“一带一路”国际科学组织联盟秘书处主任曹京华宣布“一带一路”减贫与发展联盟成立并提出希望。,0
国务院扶贫办督查专员海波、中共云南省委副书记王予波、中共临沧市委书记杨浩东、“一带一路”减贫与发展联盟主席刘彦随共同为“一带一路”减贫与发展联盟揭幕。,0
随后，刘彦随分别从联盟发起的主要背景、联盟构成及已有基础、工作思路与预期成果等三个方面系统介绍了“一带一路”减贫与发展联盟，并期待借助联盟平台携手全球减贫合作，促进世界共同发展。,0
来自美国、中国、俄罗斯、尼泊尔、波兰、泰国、智利、中国香港、巴基斯坦、澳大利亚、瑞典等国家和地区的专家学者分别作大会特邀报告及评论。,0
参加大会的嘉宾们围绕“一带一路’减贫与发展联盟”联盟成立背景、组织机构与人员分工、联盟宗旨与工作计划、“一带一路”地区典型国家减贫报告、中国西南地区可持续减贫路径与典型模式调研等内容进行了深入的研讨。,0
本次大会在“一带一路”国际科学组织联盟指导下，由云南临沧市人民政府、西南大学、中国科学院昆明分院、亚洲理工学院（泰国）共同承办。,0
“一带一路”减贫与发展联盟经“一带一路”国际科学组织联盟批准成立，由中国科学院地理科学与资源研究所、中国科学院精准扶贫评估研究中心联合发展中国家科学院、波兰科学院农村与农业发展研究所、新西兰奥克兰大学、匈牙利科学院太空与地球科学研究所等“一带一路”地区14家科研机构与政府组织共同发起成立。,0
联盟旨在开展“一带一路”地区减贫与发展的国际合作研究与技术研发，推进中国与“一带一路”沿线国家的扶贫开发经验和模式共享，开展科技扶贫交流与培训，探索建设“中国-南亚东南亚”跨境减贫与发展示范区、“中国-中亚西亚”国家减贫与发展联盟基地，打造“一带一路”国际减贫与发展合作新模式。,0
白春礼院长调研地理资源所相关工作,1
中科院党组巡视组巡视地理资源所工作动员会召开,1
地理资源所召开2020年度工作会议,1
3月19日上午，中科院地理科学与资源研究所以网络视频的形式召开2020年度工作会议。,0
会议以习近平新时代中国特色社会主义思想和党的十九大和十九届二中、三中、四中全会会议精神为指导，传达学习了中科院2020年度工作会议精神，审议了所年度工作报告，对2019年度获得各类奖励和荣誉的集体与个人进行了表彰，对研究所2020年重点工作进行了部署。,0
所领导班子成员在主会场出席会议，研究所院士和老领导通过网络视频出席会议，职代会常设主席团成员、管理部门负责人、实验室（中心、站）和研究室负责人及各方代表共350余人通过网络视频参加了会议。,0
会议由所党委副书记、纪委书记高春东主持。   　　会上，所长葛全胜代表所领导班子作了2020年度工作报告。葛全胜首先向疫情期间研究所全体人员，特别是因疫情未能及时返京、返所的人员，表达了问候，对战斗在疫情防控以及科技攻关一线的团队和人员表示衷心感谢！,0
2020年度工作报告全面总结了2019年研究所各项工作进展，深入分析了研究所发展面临的机遇和挑战，部署了2020年重点工作。,0
葛全胜指出，2019年，我所新争取科研项目合同经费13.2亿，较上年增长3.1%。,0
其中，新争取国家重点研发计划项目4项（项目总数持续位居院属研究所第一位）；国家自然科学基金项目首次突破亿元，面上基金项目数位居全国研究机构第一；“美丽中国生态文明科技工程”院先导专项（A类）、新疆特别专项全面启动。,0
研究所国内科技论文被引、卓越科技论文产出连续3年位居全国研究机构第一位，ESI（基本科学指标数据库）高被引论文持续位居地学领域院属机构第一位。,0
2019年，六个学科进入ESI全球排名前1%，位居中国科学院院属机构第三位。,0
2019年，17项成果获得省部级以上科技奖励，作为第一完成单位获国家自然科学奖二等奖1项，第二完成单位获国家科技进步奖二等奖1项。,0
2019年，新入选各类人才计划22人，各级岗位晋升105人。,0
2019年，党建和反腐倡廉、对外合作、平台建设、科普宣传工作稳步推进。,0
葛全胜深入分析了研究所未来发展面临的形势，强调在“三重大”成果产出、高水平人才队伍建设和国际化等方面仍存在较大提升空间。,0
葛全胜号召，全所职工在新的一年，要认真学习贯彻习近平新时代中国特色社会主义思想和党的十九大精神，按照中科院党组的部署，以建设国际一流特色研究所为目标，以促进“三重大”成果产出为中心，以全面从严治党为保障，深化体制机制改革，抓住国家及我院中长期及“十四五”科技规划机遇，组织实施好重大项目和高端智库建设，促进优秀人才涌现，深化国际科技合作，推进作风学风建设，进一步提升研究所服务管理水平，实现各项事业全面协调可持续发展，以优异的成绩迎接地理资源所80周年。,0
所党委书记廖小罕，副所长高星、封志明，所长助理刘卫东分别就党建与纪监审、资产运营与财务状况、科研支撑能力建设、人才队伍建设与研究生培养等方面工作作了专题报告。,0
葛全胜宣布了“地理资源所2019年度十大研究进展”，廖小罕宣读了 “地理资源所关于对2019年度先进集体和先进个人予以通报表扬的决定”。   　　下午，各部门分组讨论审议工作报告和各专题报告，对2019年研究所各项工作取得的进展和成就予以高度评价，并就促进“三重大”成果产出和2020年度重点工作等进行了研究讨论。 ,0
地理资源所召开2019年度学术年会,1
1月15日，中国科学院地理科学与资源研究所2019年度学术年会在地理资源所召开。,0
孙鸿烈、李文华、郑度、陆大道、周成虎院士，王卫星、郭九成等特邀专家，所领导班子成员、所老领导、各研究领域负责人，以及科研、管理和支撑骨干等近200人参加了会议。,0
会议由所学术委员会主任孙鸿烈主持。,0
葛全胜所长首先介绍了研究所学术委员会调整情况，宣读了研究所第五届学术委员会人员名单。,0
随后，葛全胜所长对2019年全所科研工作进展情况进行了介绍。,0
一年来，研究所各项科研工作取得积极进展。,0
新增中国科学院院士1人、“优青”3人、中科院“创新交叉团队”1个。,0
积极贯彻落实我院资源环境领域“结构性调整、内涵式发展”改革工作总体部署，6个学科进入ESI（基本科学指标数据库）,0
全球排名前1%。,0
共争取项目655项，合同经费13.2亿；新争取国家重点研发计划项目4项，国家第二次青藏高原综合科学考察任务2项、专题13项；国家自然基金107项（优青3项，重点4项，川藏铁路专项项目1项、重大项目课题2项，基础中心任务2项），经费1.23亿元，面上项目数（55项）全国研究机构第一；院先导专项（含新疆特别专项）项目5项。,0
发表论文2515篇；其中SCI/SSCI论文1432篇，比上年增长20.1%；国内论文被引、卓越科技论文产出两项指标连续3年位居全国研究机构第一位，高被引论文持续位居地学领域院属机构第一位。,0
作为第一完成单位获国家自然科学奖二等奖1项，第二完成单位获国家科技进步奖二等奖1项。,0
报告还介绍了对外合作、科技平台、公共财务与实验楼建设等情况，并对2020年研究所科研工作重点进行了部署与展望。   　　随后，所学术委员会听取了陆地表层格局与模拟院重点实验室、区域可持续发展分析与模拟院重点实验室、资源利用与环境修复重点实验室、资源与环境信息系统国家重点实验室、陆地水循环及地表过程院重点实验室、生态系统网络观测与模拟院重点实验室和院黄河三角洲现代农业工程实验室等7个实验室的工作汇报，并从发展规划、科研成果、人才培养、平台建设等方面进行了综合评议，在各实验室参评成果中，评选出2019年度地理资源所十大研究进展。 ,0
2019年国家精准扶贫工作成效第三方评估启动,1
地理资源所ESI学科论文指标表现优异,1
地理资源所举办2019届研究生毕业典礼,1
地理资源所召开党委中心组学习扩大会暨主题教育动员部署会,1
6月20日上午，地理资源所党委召开党委中心组学习扩大会暨“不忘初心，牢记使命”主题教育动员部署会。,0
中国科学院“不忘初心、牢记使命”主题教育第六指导组在组长李志毅的带领下现场进行指导，听取主题教育开展情况汇报，并结合院党组部署提出下一步工作建议。,0
所领导班子成员、党委委员、纪委委员、副处级以上党员干部、党支部书记近50人参加会议。,0
会议由所党委书记廖小罕主持。   　　廖小罕同志传达中央和院党组开展“不忘初心、牢记使命”主题教育的精神和要求，并部署研究所主题教育工作。,0
他指出，全所各党支部、全体党员要认真学习领会习近平总书记重要讲话精神，切实把思想和行动统一到习近平总书记重要讲话精神和党中央决策部署上来，把抓好这次主题教育作为当前和今后一段时期的重大政治任务。,0
他要求，所领导班子成员要率先垂范，履行“一岗双责”，抓好自身学习教育，同时对分管领域加强指导督促；中层领导人员按照“先学一步、学深一点，先改起来，改实一点”的要求，发挥好示范带头作用；全所党员要牢牢把握守初心、担使命、找差距、抓落实的总要求，将开展主题教育与我院实现“三个面向”“四个率先”的目标要求紧密结合，与我所实现建设成为服务、引领和支撑我国区域可持续发展的资源环境研究战略科技力量相结合，为建设世界科技强国和实现中华民族伟大复兴的中国梦作出应有的贡献。    　　党委副书记高春东传达了习近平总书记在中央召开的“不忘初心、牢记使命”主题教育工作会议上的重要讲话精神，与大家一起学习了主题教育的总要求、根本任务、目标以及具体要求、措施等详细内容。,0
他结合研究所主题教育计划，从目标任务、工作安排、组织领导等方面，介绍了自6月11日院党组“不忘初心、牢记使命”主题教育动员部署视频会后，研究所在策划组织本次主题教育中的初步思考和具体举措。,0
他表示，所党委高度重视主题教育工作的开展，迅速筹划工作安排，将通过自学、集中学习、现场调研、个别访谈、召开座谈会和设置征求意见箱等多种方式，广泛征求意见，认真检视问题，提出整改措施，确保主题教育取得实效。      　　所长、党委委员葛全胜联系新时代科技工作者的“初心”与“使命”进行重点发言。他强调，要科学、精准地理解习近平总书记重要讲话精神，力戒形式主义、摒弃教条主义，要学以致用，结合研究所科研工作实际与习近平总书记关于科技创新重要论述和党的十九大精神进行对标，与实现“三个面向”“四个率先”要求和国家科技创新重要部署进行对标，聚焦研究所创新能力建设，推进研究所科研和学科布局的优化，推动研究所管理体制的改革发展，全面提升研究所支撑服务国家战略的科技创新能力，为建设社会主义现代化强国和世界科技强国发挥不可替代作用。,0
与会所领导班子成员、党委委员、纪委委员结合研究所正在开展的“一带一路”建设、精准扶贫评估等方面科研任务纷纷发言。,0
大家表示，在建国70周年这样一个重要历史时刻，开展“不忘初心、牢记使命”主题教育是新时代的发展要求，在此重大历史机遇期，要把握好角色与定位，从大处着眼、从小处着手、尽职尽责、勇于担当，守住科技工作者的初心、挺直科技工作者的脊梁。   　　最后，李志毅同志对会议进行了点评与总结。他向与会人员介绍了院第六指导组人员组成情况和指导组的工作职责。他表示，所领导班子成员要以身作则，静下心来读原著学原文悟原理，在5天的集中学习基础上，开展深入调查研究，坚持边学边查边改，将开展主题教育与推进“两学一做”学习教育常态化制度化结合起来，与开展提升组织力有关工作结合起来，与深入实施“率先行动”计划结合起来，确保取得实效。 ,0
莫桑比克农业部部长访问地理资源所,1
“美丽中国生态文明建设科技工程”先导专项启动,1
地理资源所召开2019年度工作会议,1
1月25日上午，中科院地理科学与资源研究所召开2019年度工作会议。,0
会议以习近平新时代中国特色社会主义思想和党的十九大精神为指导，传达学习了中科院2019年度工作会议精神，审议了所年度工作报告，对2018年度获得各类奖励和荣誉的集体与个人进行了表彰，对研究所2019年重点工作进行了部署。,0
所党政领导班子成员、院士和老领导、职代会常设主席团成员、管理部门负责人、实验室（中心、站）和研究室负责人及各方面代表共270余人参加会议。,0
会议由所党委副书记、纪委书记高春东主持。  　　会上，所长葛全胜代表所领导班子作了2019年度工作报告。,0
报告全面总结了2018年研究所各项工作进展，深入分析了研究所发展面临的机遇和挑战，部署了2019年重点工作。,0
葛全胜指出，2018年，新争取科研项目合同经费12.7亿，比上年增长33%；我所主持的中国科学院A类战略性先导科技专项“美丽中国生态文明建设科技工程”已正式立项，另获批主持“国家青藏高原第二次综合科学考察”任务2项、国家重点研发计划项目3项，在研国家重点研发任务达24项，位居全院第一，科研经费进入中科院“10亿俱乐部”。,0
2018年，发表SCI/SSCI论文1192篇，国际科技论文跻身中科院“百篇高被引论文俱乐部”，国内科技论文被引、卓越科技论文产出连续两年位居全国研究机构第一位。,0
2018年，六个学科进入ESI全球排名前1%，地理学在全国第四轮学科评估中获评为A+。,0
2018年，被国家采用的咨询建议37份，智库成果产出占全院1/3，21项成果获得省部级以上科技奖励。,0
2018年，引进28位优秀青年人才，推荐任用28位科研和管理中层干部，晋级聘用104人，12人获得人才称号。,0
2018年，党建和反腐倡廉、对外合作、平台建设、科普宣传工作稳步推进，综合实验楼春节前入住，研究所财政状况良好。,0
葛全胜深入分析了研究所未来发展面临的形势，强调在“三重大”成果产出、高水平人才队伍建设和国际化等方面仍存在较大提升空间。,0
葛全胜号召，全所职工在新的一年里认真学习贯彻习近平新时代中国特色社会主义思想和党的十九大精神，按照中科院党组的部署，以建设国际一流的特色研究所为主线，以促进“三重大”成果产出为中心，全面推进从严治党，以党建促科技创新，认真做好在研重大项目的组织实施，加强学科建设、培育新领域，加强高水平人才队伍建设、加快高端智库建设，积极推进国家重点实验室筹建、国家级试验站申请、院农业工程实验室建设以及院重点实验室评估，创新机制推动数据与设备平台共享，加强地方二级事业法人单位建设，继续推动研究所各项事业可持续发展，早日建成地理资源领域国际一流的特色研究所。,0
所党委书记廖小罕，副所长高星、封志明，所长特别助理刘卫东分别就党建与纪检工作、资产运营与财务状况、科研能力建设与综合实验楼科研用房规划、人才队伍建设与研究生培养等方面的工作进展作了专题报告。,0
所学术委员会主任孙鸿烈院士宣布了“地理资源所2018年度十大研究进展”。,0
廖小罕宣读了“地理资源所关于2018年度重大科研项目争取和重要成果完成人的奖励决定”、“地理资源所关于2018年度各类先进集体和先进个人的表扬决定”。  　　国务院参事刘燕华、中国工程院李文华院士、中国科学院郑度院士、夏军院士，所科技促进发展研究中心主任邓勇分别在会上讲话，对研究所2018年取得的成绩给予充分肯定，对2019年的工作提出了宝贵建议。  　　下午，各部门分组讨论审议工作报告和各项专题报告，对2018年研究所各项工作取得的进展和成就予以高度评价，并就促进“三重大”成果产出和2019年度重点工作等进行了研究讨论。 ,0
地理资源所ESI学科论文指标稳居院属机构前列,1
地理资源所召开2018年度学术年会,1
地理资源所与中国地质大学（武汉）签署战略合作协议,1
2018年国家精准扶贫工作成效第三方评估启动暨培训会在京举行,1
12月29日至30日，2018年国家精准扶贫工作成效第三方评估启动暨培训会在中国科学院地理科学与资源研究所举行。,0
国务院扶贫办党组成员、副主任夏更生，中科院党组成员、副院长张涛等出席启动会。,0
启动会由中科院地理资源所党委书记廖小罕主持，国务院扶贫办、中科院有关部门和单位、中西部22省评估调查组组长和骨干成员等240余人参加了会议。,0
夏更生就精准扶贫工作成效和第三方评估重大意义与工作要求讲话。,0
他指出，在党中央国务院坚强领导下，在各地区各部门共同努力下，脱贫攻坚已取得重大决定性成就。,0
第三方评估意义重大、作用明显，希望一鼓作气、尽锐出战，坚持客观公正、科学独立的核心价值，重点关注“两率一度”“两不愁三保障”、贫困程度和减贫进度等关键问题，扎实开展调查研究，高质量完成评估任务。,0
张涛代表中科院感谢国务院扶贫办的信任与支持，介绍了中科院对科技扶贫和精准扶贫工作成效第三方评估的有关工作部署。,0
他指出，第三方评估进入提质扩面、攻坚克难的新阶段，要切实发挥好“指挥棒”、“质检仪”、“推进器”和“温度计”的作用，坚持稳中求进、精益求精、服务决策，确保数据真实、方法科学、结果精准，使党中央国务院认可、地方党委政府信服、贫困地区群众满意。 　　中科院地理资源所所长葛全胜代表研究所感谢国务院扶贫办的信任、中科院党组的支持和各分省评估调查组的通力合作。,0
希望,0
评估组,0
坚持原则，自觉抵制不良风气；严格保证调查成果质量，并肩负起扶贫政策宣讲的使命；及时发现问题、善于总结经验，为扶贫开发工作积极献计献策。,0
评估专家组组长、中科院地理资源所研究员刘彦随总结了2017年国家精准扶贫工作成效第三方评估工作，介绍了2018年第三方评估工作方案。,0
他表示将坚持最严格的考核评估，保持较真碰硬、真评实考的定力，严格基本标准、严把扶贫质量，确保脱贫攻坚任务“三落实”和精准脱贫成效可持续。,0
会议对2017年国家精准扶贫工作成效第三方评估工作先进集体和个人进行了表彰。,0
夏更生、张涛为受到表彰的4个优秀集体和20位先进个人颁发了荣誉证书。,0
会议还组织开展了国家精准扶贫相关政策解读和评估调查业务培训。,0
国务院扶贫办有关部门负责人分别从驻村工作、健康扶贫、两项制度衔接和精准脱贫攻坚责任制、产业扶贫与金融扶贫政策、评估工作新变化与新要求等方面，对评估人员进行了系统培训和业务指导。,0
评估总体组就评估调查工作规程、指标体系与评估标准、软件系统操作等进行了培训和答疑。,0
何岩调研禹城综合试验站,1
白春礼考察千烟洲试验站,1
11月15日下午，中国科学院院长、党组书记白春礼到中国科学院地理科学与资源研究所千烟洲红壤丘陵综合开发试验站（以下简称“千烟洲试验站”）考察调研，并与在站科研人员座谈交流。,0
江西省政府副省长吴晓军，中科院党组成员、秘书长邓麦村等陪同考察。,0
座谈会由地理资源所所长葛全胜主持。,0
白春礼一行冒雨考察了“千烟洲模式”展示区，观看了“泰和县自然资源与生态环境智慧化管理决策系统”演示，听取了千烟洲试验站站长王辉民关于“千烟洲模式”和千烟洲试验站的发展情况汇报。,0
"白春礼关切地询问了“千烟洲模式”支撑当地经济发展的具体情况，肯定了千烟洲试验站引进杂交构树，开展红壤丘陵区构树苗木繁育、养分含量检测、丰产技术和泰和乌鸡专用饲料调配试验；组建千烟洲模式扶贫产业联盟，探索“贫困户+公司（基地）+电商”扶贫模式，在生态恢复的同时实现了经济的快速发展，并在精准扶贫中发挥作用的系列做法。  　　白春礼对千烟洲试验站取得的各项工作进展和成绩给予充分肯定，向江西省委、省政府及吉安市、泰和县各级领导对千烟洲试验站长期以来的关心和支持表示感谢，向长期奋战在南方红壤丘陵地区的科学家表示慰问。  　　白春礼指出，中科院与江西省签署战略合作协议，全面贯彻落实党的十九大精神，深入贯彻习近平总书记关于绿水青山就是金山银山的重要讲话精神，扎实推进绿色崛起的战略目标和生态文明建设,为千烟洲试验站的发展带来了新契机。  　　白春礼提出三点希望，一是希望通过即将启动的“美丽中国生态文明科技工程”战略性先导科技专项，使相关科研成果在打造“美丽中国-江西样板”过程中发挥更大作用，为绿色发展、环境治理、生态修复、生态文明体制改革提供科技支撑。二是希望",0
地理资源所与吉安市政府依托千烟洲试验站，共同建设的“中科吉安生态环境研究院”紧密围绕地方生态文明建设中面临的实际问题开展工作。,0
三是希望千烟洲试验站的科研人员积极探索产学研结合与科技成果转化新路径，着力将‘千烟洲模式’打造成2.0、3.0升级版本”，为新时代构建“山水林田湖草-人生命共同体”协调发展途径提供重要范例。,0
吴晓军指出，在“山江湖工程”建设时期，千烟洲试验站的科研工作者为江西开创了著名的“千烟洲模式”，在当前江西省生态文明建设过程中，千烟洲试验站开发的新生态模式依然是全省的示范样板，特别是“山水林田湖草”综合治理模式，推动了江西省生态环境建设与经济发展。,0
江西省、吉安市、泰和县各级政府要全力以赴服务好、配合好千烟洲试验站和地理资源所开展的各项工作，为打造“美丽中国-江西样板”做出新的贡献。,0
江西省政府副秘书长陈敏、江西省科学院院长熊绍员、江西省科学院副院长刘杰，吉安市委书记胡世忠、吉安市长王少玄、泰和县委书记胡小勇，中科院办公厅主任乔均录、科学传播局局长周德进、南京分院院长杨桂山、科技促进发展局副局长赵千钧、国科控股董事长吴乐斌，地理资源所副所长封志明、综合办公室、平台基建处、中国生态系统研究网络科学委员会秘书处等部门负责人以及千烟洲试验站全体人员参加调研。,0
中国共产党中国科学院地理科学与资源研究所第五次代表大会胜利召开,1
地理资源所与俄罗斯科学院多家研究所签署国际合作协议,1
地理资源所科技论文产出持续位居全国研究机构前列,1
侯建国调研地理资源所,1
地理资源所召开新一届领导班子宣布会议,1
地理资源所举行2018级新生开学典礼,1
9月3日上午，中国科学院地理科学与资源研究所举行2018级新生开学典礼。,0
所长葛全胜、所党委书记廖小罕和所学位评定委员会主席、中国科学院院士郑度以及127名新生出席和参加了典礼。,0
开学典礼由廖小罕主持，葛全胜代表地理资源所致辞。,0
葛全胜首先热烈欢迎2018级研究生新生加入地理资源所的大家庭，向新生们提出了五点希望：一是学会尊重师长，培养自己的团队合作意识；二是重视学位论文选题，强调选题是博士学位论文的关键；三是区分科学和艺术的区别，在科研道路上要有科学思维；四是在地理学数据急剧增加的背景下充分掌握获取和分析地理学数据的能力；五是注意自身安全和身心健康，遵守各项规章制度。  　　葛全胜殷切期望同学们在这个伟大变革时代，把自身的命运和国家的需要结合起来，珍惜美好的青春时光，只争朝夕、勤奋学习，早日成为我国经济社会发展所需要的栋梁之才。  　　在读学生代表李尤与新生们分享了在地理资源所求学的感受和感悟，鼓励同学们及早确立奋斗目标，潜心学习，团结互助，同时在刻苦学习的过程中也要保持对生活的热爱。  　　新生代表李传朋表示，很荣幸成为地理资源所的一员，将珍惜在研究所的点滴时光，力争在科研领域取得成绩。  　　典礼结束后，2018级新生参加了入所教育。,0
郑度院士为新生们作了“中国地理学发展史和中科院地理资源所发展史及其科研文化建设”的专题报告。,0
郑度院士提纲挈领地梳理了我国地理学发展的基本脉络，以及中科院地理科学与资源所的发展历程，凝练了地理学的基本思想，及中科院地理资源所科研成就和科研文化，该报告作为新生入所的第一课，将给同学们未来的学习工作带来深远影响。,0
赵士洞研究员作了专题报告，与同学们分享了他精彩的人生和感悟，向同学们展示了大量的自然风光和人生经历的照片，引起了同学们的浓厚兴趣。,0
研究生部和所图书馆分别为新生们介绍了研究生培养和管理的基本要求，研究所文献资源等内容。,0
地理资源所与苏州市高新区、吴中区商谈合作,1
葛全胜带队赴黄河三角洲考察调研,1
葛全胜一行调研千烟洲站并参加“中科吉安生态环境研究院”签约揭牌仪式,1
地理资源所第二届“感受地理之美”优秀大学生夏令营在京举办,1
7月16日上午，中国科学院地理科学与资源研究所第二届“感受地理之美”优秀大学生夏令营开营仪式在北京举行。,0
来自中国人民大学、北京师范大学、对外经济贸易大学、中国农业大学、北京林业大学、中国地质大学、中山大学、武汉大学、兰州大学、吉林大学等全国30多所高校的110名优秀大学生参加了本届夏令营。,0
地理资源所所长葛全胜、党委书记廖小罕，地理资源所学位委员会主任、中国科学院院士郑度，中科院精准扶贫评估研究中心主任、导师代表刘彦随等出席开营仪式。,0
研究生部主任袁国富主持了开营仪式。,0
廖小罕首先致辞，对参加夏令营活动的全体同学表示热烈欢迎，从发展历史、学科建设、重点实验室、人才队伍、重大科研产出、科技成果产业化等方面介绍了地理资源所概况。,0
他希望同学们珍惜难得的机会，认真聆听知名科学家的讲座报告，充分了解地理科学、资源科学、生态学和环境科学等领域的最新进展，感受研究所的科研氛围，多与老师和同学们交流，同时充分展示自身风采。,0
廖小罕向各位同学发出邀请，欢迎同学们报考地理资源所的推免研究生和直博生，加入地理资源所大家庭。,0
葛全胜、郑度、刘彦随、苏奋振和汤秋鸿分别作了“地理学的理解”、“中科院地理资源所的发展历程、成就与文化”、“国家精准扶贫与乡村振兴战略及地理学者的贡献”、“美丽的珊瑚礁——GIS技术在海洋资源调查中的应用”和“陆地水循环与水资源安全”的主题报告。,0
通过聆听报告，同学们对地理学发展过程、地理资源所发展历史与成就、精准扶贫、海洋资源调查、水资源安全等相关学术前沿问题有了更加深入的认识。,0
7月18-19日，同学们分成5个小组分别到地理资源所5个教研室开展活动，听取专业学术报告、参观实验室、拜访相关导师，并与相关老师进行了深入交流。,0
GIS组的同学赴天津中科无人机应用研究院进行了参观学习。,0
生态组的同学参观了位于奥林匹克森林公园的通量观测塔。   　　7月20日上午，各教研室举行了面试活动，参加面试的部分同学和导师达成了报考推免研究生的初步意向。,0
闭营仪式上，袁国富为全体营员颁发了结业证书。,0
同学们纷纷表示，通过参加此次夏令营，他们对地理资源所雄厚的科研实力、优秀的科研平台、强大的导师队伍、浓厚的学术氛围、贴心的学生管理服务等留下了深刻的印象，返校后一定更加努力，积极争取推免资格，力争到地理资源所继续学习和深造。,0
地理资源所举行2018届研究生毕业典礼,1
相里斌专题调研地理资源所,1
地理资源所高被引论文数量跻身院属机构前列,1
　　近年来，中国科学院地理科学与资源研究所持续推进“一三五”规划和特色研究所建设，以高被引论文为代表的重大成果产出取得突出进展。据科睿唯安最新一期的基本科学指标数据库（Essential Science Indicators，以下简称“ESI”）数据披露，地理资源所发表的高被引论文数量显著增加，达到100篇，跻身中国科学院“百篇高被引论文俱乐部”行列（全院共13家）。  　　从此次入选的13家院属机构来看，地理资源所是我院地学领域唯一进入“百篇高被引论文俱乐部”的研究所；而在资源环境领域，也仅有生态环境研究中心、地理资源所2家机构入选。,0
据了解，高被引论文是ESI中按学科领域和出版年统计的被引次数排名前1%的论文 (Article和Review)，表示文章的引文影响力已经位列全球同年度、同学科的前1%，是衡量科研机构学术影响力的重要指标。,0
相关,0
链接,0
：ESI视角下的中国科学院科研表现,0
吴传钧先生学术思想研讨会在北京举行,1
地理资源所5个学科进入ESI全球排名前1%,1
院所领导春节前夕慰问地理资源所老专家老同志,1
地理资源所召开2018年度工作会议,1
地理资源所召开2017年度学术年会,1
张涛调研精准扶贫第三方评估工作,1
国家精准扶贫工作成效第三方评估重大任务启动暨培训会在京举行,1
地理资源所召开2018年新年人才座谈会,1
12月18日和19日，在2018年新年即将到来之际，地理资源所所长葛全胜主持召开高层次人才新年座谈会和青年人才新年座谈会。,0
党委书记、副所长廖小罕，副所长封志明、所长助理刘卫东、所长特别助理张宪洲，以及人事处、科研处、对外合作处、财务处、研究生部、科技平台与信息处和综合办公室等管理部门负责人出席座谈会。,0
近30位“杰青”、“优青”、“长江学者”等高层次人才和近100位青年人才（主要为副高级专业技术人员）分别参加座谈会。,0
葛全胜代表研究所领导班子向各类人才及广大科研人员表达了新年的祝福。,0
葛全胜首先介绍了2017年及近年来研究所各项事业发展取得的成绩，对广大科研人员多年来对研究所科研和管理工作的大力支持和做出的重要贡献表示衷心的感谢。,0
葛全胜表示，研究所将继续坚持稳中求进，继续为科研人员的项目争取、成果发表以及人才培养等营造稳定、良好的政策氛围。  　　座谈会上，与会人员对研究所近年来的发展成就给予了高度评价，同时就项目管理、经费使用、绩效评价、职称评聘、人才培养、院地合作、成果转移转化、野外台站建设、期刊发展等工作，提出了许多中肯的意见和建议。葛全胜表示，有关部门要高度重视并研究落实与会人员提出的宝贵意见与建议。,0
葛全胜最后强调，随着中国特色社会主义进入了新时代，地理资源所迎来了新的发展机遇，希望高层次人才积极凝炼研究成果、申报国家科技奖励，积极为研究所培养青年骨干人才；同时，希望青年骨干人才对中科院以及地理资源所的科研水平要树立制度自信和文化自信，抓住机遇、珍惜时光、努力创造出更好的科研业绩，共同促进研究所“三重大”科研成果产出。,0
地理资源所开展学习宣传贯彻党的十九大精神系列工作,1
葛全胜一行调研禹城站并访问山东师范大学,1
葛全胜一行调研千烟洲站,1
葛全胜出席第二次青藏高原综合科学考察启动仪式并调研拉萨站,1
张涛调研地理资源所,1
8月30日上午，中国科学院副院长、党组成员张涛到中科院地理科学与资源研究所调研科技智库和特色研究所建设。,0
张涛首先实地考察了《中国国家地理》杂志社和地理资源所古籍方志馆，听取了《中国国家地理》杂志社近年来科学普及和发展情况的工作汇报。,0
随后张涛与地理资源所领导班子成员、科研骨干和管理支撑人员代表进行了座谈。,0
地理资源所所长葛全胜就研究所基本情况、科技智库建设、特色所建设工作进展及下一步工作重点进行了汇报。,0
张涛充分肯定了地理资源所在推进实施“率先行动”计划、“十三五”规划尤其是在科技智库建设方面取得的优异成绩。,0
张涛指出，地理资源所是在国内地理与资源科学研究领域具有领头羊地位的大所、强所。,0
多年来，研究所在服务国民经济建设和经济社会可持续发展中发挥了重要的科技支撑作用，尤其是近年来在科技智库建设和服务国家重大战略需求方面发挥了重要作用。  　　张涛强调，科技智库建设在中科院“三个面向”、“四个率先”新时期办院方针和“三位一体”组织架构中具有重要地位，地理资源所要积极总结经验，在助力全院科技智库建设方面发挥示范作用。,0
张涛对研究所的下一步工作重点提出了几点具体要求：一是认真贯彻落实党中央、院党组关于新时期改革创新发展的重大部署，深化体制机制改革，加强人才队伍建设，围绕国家重大战略需求，统筹聚焦资源力量，聚焦重大成果产出。,0
二是围绕科技智库建设，面向“一带一路”、雄安新区建设、青藏高原第二次综合科学考察等国家重大战略需求，积极推进重大选题的科学策划和组织实施工作，进一步加强与兄弟研究所的联合与协作，整合优质资源、打造品牌项目，助力我院高水平科技智库建设。,0
三是继续做好“精准扶贫第三方评估”等相关工作，前瞻性谋划国家扶贫战略的后续科技支撑工作，持续提升研究所的公众关注度和国际影响力。  　　中科院副秘书长汪克强，学部工作局、发展规划局相关负责人陪同调研。 ,0
地理资源所召开2017年夏季战略研讨会,1
地理资源所领导带队赴内蒙古库伦旗调研精准扶贫工作,1
刘伟平带队宣布地理资源所党委主要负责人任免,1
白春礼率团访问老挝,1
刘伟平调研中科院地理信息与文化科技产业基地,1
地理资源所召开2017年度工作会议贯彻落实院工作会议精神,1
刘伟平赴贵州水城县调研精准扶贫第三方评估和定点扶贫工作,1
2月6日至7日，中国科学院党组副书记、副院长刘伟平赴中科院定点帮扶的国家扶贫开发工作重点县贵州省水城县，实地了解中科院承担的国家精准扶贫工作成效第三方评估工作开展情况和定点帮扶工作进展情况。  　　刘伟平深入水城县青林乡二寨村贫困户和脱贫户家中实地了解农户家中实际情况，现场核查精准扶贫第三方评估工作程序和开展情况，并在村委会看望慰问在贵州开展第三方评估的工作人员。,0
刘伟平一行还先后实地考察了中科微生物研究所马铃薯种薯基地和武汉植物园猕猴桃产业化基地两个水城县定点扶贫示范基地。,0
6日晚上，刘伟平与承担第三方评估任务与定点帮扶工作的院属有关单位负责人和相关同志围绕第三方评估、定点帮扶工作中存在的问题进行了座谈，逐一研究解决措施。,0
刘伟平强调，党的十八大以来，以习近平同志为核心的党中央把脱贫攻坚摆到治国理政的重要位置，提升到事关全面建成小康社会、实现第一个百年奋斗目标重要组成部分这样的新高度。,0
考核评估是打赢脱贫攻坚战的重要制度保障，党中央、国务院对扶贫考核评估工作高度重视，提出要实行最严格的考核评估。,0
我们要切实提高认识，以实际行动践行和体现“四个意识”、完成好习近平总书记亲自部署的脱贫攻坚这一最为重要的政治任务和民生工程。,0
要进一步增强责任感和使命感，求真务实、高质量完成第三方评估任务，因地制宜、精心组织好定点帮扶脱贫工作。,0
刘伟平要求，第三方评估工作要贯彻落实好汪洋副总理在今年1月在扶贫考核和评估工作座谈会上的讲话精神，真正使第三方评估发挥检验脱贫质量的 “质检仪”作用，敢于较真碰硬，对贫困户识别准确率、贫困户退出准确率、人民群众对精准扶贫工作的满意度这“两率一度”进行全面严格的检查评估，尤其是要高度重视贫困户的漏评率、错退率的严格准确核查，更加广泛地调查群众满意度，为党中央、国务院呈现全面、科学、真实的考核评估结果；同时也要注意凝练和总结各省在精准扶贫、精准脱贫工作中的好典型、好经验，为完成精准扶贫第三方评估工作报告提供更加全面可靠的实践支撑。  　　刘伟平强调，随着实现脱贫攻坚目标时间节点的临近，要打赢定点帮扶仗，必须增强紧迫感，加强组织领导，明确帮扶责任主体，协调组织多方力量深入每个贫困乡实地调查，因地制宜科学研究和论证，为每个贫困乡找准科技扶贫的路子，提出组织实施建议方案，并抓好示范项目，为地方党委政府具体实施提供建议和参考，确保完成好党中央、国务院交办的定点帮扶任务。  　　调研期间，贵州省委副书记、省政法委书记谌贻琴与刘伟平就加强合作共同完成精准脱贫任务进行了会谈，并共同考察了中科院武汉植物园猕猴桃产业化示范工程。,0
中科院发展规划局、科技促进发展局、昆明分院、地理科学与资源研究所、微生物研究所、武汉植物园、地球化学研究所等单位相关负责人参加调研。,0
汪洋副总理在山西调研时看望慰问精准扶贫第三方评估人员,1
国家精准扶贫工作成效第三方评估重大任务2017年启动暨培训会在京举行,1
地理资源所召开落实中国科学院与国家旅游局工作会商精神工作部署会,1
刘伟平调研地理资源所,1
11月1日上午，中国科学院党组副书记、副院长刘伟平调研中科院地理科学与资源研究所，就学习贯彻党的十八届六中全会精神、推动研究所创新发展和高质量地完成国家精准扶贫工作成效第三方评估任务，与研究所领导班子成员和评估工作组科研骨干进行了工作交流和座谈。,0
院副秘书长兼发展规划局局长汪克强陪同调研。,0
刘伟平肯定了地理资源所在科技创新、党建人才工作及科技智库建设方面的工作举措，并结合调研提出三点要求。  　　第一，把学习贯彻党的十八届六中全会精神作为当前首要的政治任务，推进全面从严治党责任落实。,0
所党委要按照中央要求和院党组部署，结合“两学一做”学习教育，认真抓好六中全会精神的学习贯彻。,0
要通过学习，使所党委班子、全所广大党员干部和科研人员牢固树立“四个意识”，特别是核心意识、看齐意识，更加自觉地在思想上政治上行动上同以习近平同志为核心的党中央保持高度一致，做到党中央提倡的坚决响应、党中央决定的坚决执行、党中央禁止的坚决不做，当好人民的科学家，办好人民的研究所。,0
要结合实际，进一步强化全面从严治党主体责任和监督责任，推动研究所党的思想建设、组织建设、作风建设、制度建设和反腐倡廉建设提升到一个新水平。,0
地理资源所与蓝迪智库共议科技引领“一带一路”建设,1
科技部副部长阴和俊到地理资源所调研,1
10月9日下午，科技部副部长阴和俊到中国科学院地理科学与资源研究所就“一带一路”、无人机遥感等专题进行调研。,0
国家遥感中心主任王琦安、总工李加洪、处长张松梅，科技部办公厅吴春晖，中国科学院重大任务局副局长苏荣辉、处长任小波，地理资源所所长葛全胜、党委书记刘毅、副所长廖小罕、高星、封志明、党委副书记刘红辉，以及中国科学院院士周成虎、所长（特别）助理、各研究领域负责人、职能部门负责人、部分科研骨干近40人参加了调研座谈会。,0
会议由葛全胜主持。,0
在调研座谈会上，葛全胜首先代表研究所，对近年来地理资源所在服务国家“一带一路”战略实施方面开展的研究工作，包括前期部署情况、取得的主要成果以及目前正在推进的工作进行了系统的介绍。,0
廖小罕结合全国无人机发展现状，重点对如何通过科技创新支撑和引领无人机遥感发展的认识进行了汇报。,0
刘卫东、董锁成、陆峰、江东、苏奋振、王英杰研究员分别就科技推动“一带一路”、中蒙俄国际经济走廊科学考察、印度洋港口地缘优势与货物运输网络动态评估、地缘环境系统模拟与预警、地理信息与“一带一路”、“一带一路”国别空间规划系统和地图知识平台建设等方面的研究进展与问题进行了汇报。  　　听取汇报后，阴和俊对地理资源所的研究工作给予了高度赞扬，认为每一个报告准备的都非常充分，信息量大。他指出，地理资源所历史悠久，积累深厚，具有明显的学科优势，所做的研究工作具有基础性、战略性和前瞻性，许多研究成果为国家宏观决策提供了重要的支撑。,0
他强调，实施“一带一路”战略既是时代要求，也是国家需要，具有重要的战略意义。,0
短短几年间，“一带一路”战略推进的速度、合作的深度可圈可点，要及时对取得的成果进行总结；面向未来，要进一步发挥科技创新在推动“一带一路”战略实施中的重要作用，加强中国与“一带一路”沿线国家的科技合作，并希望地理资源所继续围绕国家重大需求开展深入研究，多出创新性成果，为“一带一路”战略实施提供更大的支撑。,0
阴和俊还进一步明确，近期要在科技部专门听取地理资源所关于“一带一路”发展战略研究的专题汇报。  　　阴和俊对地理资源所在无人机遥感方面所做的工作也给予了充分肯定。他认为，无人机遥感在国土监测、城乡规划、农田与水利管理等方面具有巨大优势，要利用科技手段对无人机进行有序管理，加快推动无人机全国高分辨率数据获取体系的构建，并希望地理资源所在此方面发挥重要作用。,0
第33届国际地理大会在京隆重召开,1
汪洋副总理听取国家精准扶贫工作成效第三方评估成果汇报,1
中科院继2015年圆满完成“实施精准扶贫、精准脱贫国务院重大政策措施第三方评估”任务后，今年4月，根据汪洋副总理关于开展精准扶贫第三方评估工作的重要指示，受国务院扶贫开发领导小组委托，中科院2016年再次承担了国家精准扶贫工作成效第三方评估重大任务。,0
白春礼院长高度重视，亲自担任领导小组组长，中科院成立了领导小组、中国工程院院士石玉林为组长的咨询顾问组、刘彦随为组长的评估专家组，委托地理科学与资源研究所代表中科院牵头组织开展第三方评估工作。,0
"在院规划局的协调支持下，地理资源所迅速行动，成立了管理协调小组、评估总体组，组织国内30多家高校、科研院所的1300余名专家学者组建了33个分省调研组,在国务院扶贫办、财政部和各省区市的支持下，于5月至7月完成了22个省、113个贫困县的入户实地调查与建档立案工作，形成了《国家精准扶贫工作成效第三方评估总体报告（初稿）》、《普查报告》、22个分省市（区）评估报告等成果400余万字，首次建立了宝贵的国家精准扶贫成效考核评估科学档案。",0
国家精准扶贫工作成效第三方评估专家组组长、中科院地理资源所研究员刘彦随向扶贫开发领导小组作了专题汇报。,0
他报告了国家精准扶贫成效第三方评估工作进展，贫困人口识别、退出准确率、群众满意度等评估指标测算与结论，评估调研中发现的主要问题与改进建议，以及下一步工作计划与成果转化应用等。  　　听取汇报后，汪洋副总理对中科院牵头承担的精准扶贫工作成效第三方评估工作给予了充分的肯定，感谢中科院今年又为国家做了一件大事，他提议“大家为彦随鼓掌”，向参与和支持第三方评估工作的同志们表示问候和感谢。,0
汪洋指出，评估成果丰硕、很厚实，探索创新、很难得，符合实际判断，为国家打赢脱贫攻坚战提供了有力支撑。,0
第三方评估工作时间紧、任务重、要求高，评估组千余名专家学者以国家需求为己任，克服各种困难，翻山越岭、进村入户、吃苦耐劳、尽职尽责，团队精神与工作作风值得赞扬。,0
汪洋还就如何深入推进第三方评估、健全国家精准扶贫成效第三方评估指标体系、促进成果转化应用做出了重要指示。,0
他强调，精准扶贫第三方评估是国家一项探索性、开创性很强的工作，评估指标就是实施精准扶贫的指挥棒，是促进各级政府扶贫工作的手段。,0
有关部门要按照第三评估中发现的问题、提出的建议积极落实整改，切实提高脱贫攻坚成效，发挥第三方评估以评促改、科学支撑的作用。,0
国务院扶贫办主任刘永富也高度肯定了第三方评估工作，对后续工作提出了指导意见。  　　精准扶贫第三方评估工作主要包括评估指标体系研制、抽样与评估技术方案制定、实地农户调查与复查、评估报告撰写与总结等几个阶段。,0
自2016年2月以来，评估工作在中科院地理资源所主持下，研制了评估指标体系和技术方案，完成了113个县、617个行政村、2.2万贫困户的实地调查与核查、1.53万脱贫户普查与核实工作。,0
调查获取农户信息90余万条，其中影音、照片、文档、定位等多维数据信息超过10TB；第三方评估调查工作整体可追溯、可检验，建立了完整的国家精准扶贫成效考核评估科学档案。,0
地理资源所党委召开纪念建党95周年表彰大会,1
为纪念中国共产党成立95周年，推进研究所创先争优、聚焦献力活动深入开展，地理资源所党委开展了研究所“两优一先”评选活动。,0
6月24日，地理资源所党委召开了纪念建党95周年表彰大会，所领导班子成员、所党委委员、纪委委员、所长助理（特别助理）、职代会常设主席团成员、各研究领域负责人、管理和支撑部门负责人、各党支部书记和支部委员等130余人参加了会议。  　　会议由地理资源所党委书记刘毅主持。,0
地理资源所党委委员、所长葛全胜宣读表彰决定。,0
大会表彰了研究所5个先进基层党支部、40名优秀共产党员、10名优秀党务工作者。,0
刘毅向受到表彰的先进集体和个人表示祝贺，希望他们以“两优一先”表彰为契机，在“两学一做”学习教育中模范带头、争创一流，要始终尊崇党章、遵守党规，以习近平总书记系列重要讲话精神指导实践、推动工作，做“四讲四有”合格党员。   　　刘毅强调，所党委号召全所31个党支部和1000余名党员向受到表彰的先进党支部、优秀共产党员和优秀党务工作者学习，最大限度地激励广大党员的工作热情、激发广大党员的创造活力，使广大党员在不同的岗位上不断增强先锋模范作用。,0
要,0
牢固树立“四个意识”，进一步坚定理想信念，要着力服务大局，把学习教育同科研创新工作结合起来，要提升科研创新能力，凝聚发展合力，团结带领全所广大干部群众奋发有为，为推动“率先行动”计划顺利实施再立新功。,0
国家精准扶贫工作成效第三方评估重大任务启动暨培训会在京举行,1
根据中共中央办公厅、国务院办公厅发布的《省级党委和政府扶贫开发工作成效考核办法》，为科学制定扶贫工作成效考核评估指标体系、完善考核办法，在国务院扶贫办、中国科学院的指导下，由中国科学院地理科学与资源研究所为主持单位、国务院扶贫办信息中心为依托单位，组织开展国家精准扶贫工作成效第三方评估，重点围绕精准识别与精准帮扶“两个方面、三项内容”展开实地调研和评估。,0
5月11日，国家精准扶贫工作成效第三方评估重大任务启动暨培训会在中科院地理资源所召开。,0
与会领导和专家有：国务院扶贫开发领导小组副组长、国务院扶贫办党组书记、主任刘永富，中国科学院副院长、中国科学院大学校长丁仲礼院士，中国工程院院士石玉林，中国科学院院士陆大道，国务院扶贫办信息中心主任刘俊文，国务院扶贫办信息中心绩效评估处处长延欣，中国科学院发展规划局副局长张学成，中科院地理资源所所长葛全胜、副所长高星，中国科学院区域可持续发展分析与模拟重点实验室主任樊杰。,0
中国城乡发展智库联盟（CURTA）相关负责人，参加评估调研工作的中科院地理资源所和国内分省32个调研组的专家学者等330余人参加了会议。,0
会议由葛全胜所长主持。,0
中国科学院副院长丁仲礼院士代表中国科学院对国务院扶贫办的信任和支持表示感谢。,0
他表示，接到国家精准扶贫工作成效第三方评估重大任务后，中科院党组高度重视，第一时间成立了以白春礼院长为组长的评估领导小组，以石玉林院士为组长的咨询顾问组、以刘彦随研究员为组长的评估专家组。,0
中国科学院将按照国家重大任务的部署和要求，依托地理资源所组织好、完成好该项重大任务。,0
国务院扶贫办主任刘永富做了动员讲话，他围绕深入学习贯彻习近平总书记关于精准扶贫的理论与思想，全面贯彻党中央扶贫攻坚的决策部署，介绍了我国扶贫攻坚战略及进展情况，强调了开展精准扶贫工作成效第三方评估的重大意义，对做好第三方评估工作进行动员部署，提出了具体要求。,0
他指出，中国科学院成功地主持完成了2015年“实施精准扶贫、精准脱贫”国务院重大政策措施落实情况第三方评估任务，今年继续主持国家精准扶贫工作成效的第三方评估，任务光荣而艰巨、责任十分重大，感谢中科院领导的重视和支持，感谢中科院地理资源所评估专家组和参加调研的32个调查组、1000多名专家学者的辛勤工作和奉献，他特别强调了赴实地调研应注意的安全问题和其他重点问题。,0
国务院扶贫办信息中心主任刘俊文介绍了“国家精准扶贫建档立卡与信息化工程”，重点围绕“建档立卡”背景、标准与程序等主要问题作了详细讲解。,0
中科院地理资源所所长葛全胜在发言中感谢国务院扶贫办、中科院的信任，研究所再次承担了国家精准扶贫第三方评估重大任务，他代表主持单位对参加本次评估调研工作的专家学者表示衷心感谢，表示将举全所之力认真组织完成好国家交付的该项重大任务，对调研组下一步工作强调了相关的工作纪律。,0
为确保评估调研各项工作顺利、安全地开展实施，中科院地理资源所专门成立了“2016年国家精准扶贫工作成效第三方评估考察调研工作管理协调小组”，统筹负责考察调研环节的协调管理和应急处置工作，下设应急处置、财务纪检两个办公室，为第三方评估工作提供了组织保障。  　　评估专家组组长、中科院地理资源所区域农业与农村发展研究中心主任刘彦随研究员作了“国家精准扶贫工作成效第三方评估任务安排与工作要求”的报告，介绍了工作背景与依据、前期工作过程、抽查工作方案、工作进度安排、组织领导机制和有关工作要求等六个方面内容。,0
杨园园博士具体讲解了“调查问卷设计、填写与录入规范”，周扬博士结合评估专家组前期组织开展河北阜平、河南洛宁、云南东川、宁夏彭阳等贫困县的预调研情况，重点介绍了“实地调研方法与注意事项”。,0
根据国家精准扶贫工作成效第三方评估重大任务计划和要求，中科院地理资源所依托中国城乡发展智库联盟（CURTA），本着自愿参与、友好合作的原则，组建了中西部地区22个省、32个调研组，共有1000多位地理学与资源环境领域的专家学者参加实地调查。,0
调查工作计划于5月15日至6月15日开展，届时将完成我国中西部113个贫困县、600个贫困村、2万多贫困户与脱贫户的实地调查与建库工作。,0
地理资源所召开2016年度工作会议贯彻落实院工作会议精神,1
2月29日，地理科学与资源研究所召开了2016年度工作会议。,0
会议的主要任务是：认真学习贯彻十八届五中全会精神，深入贯彻落实中科院2016年度工作会议精神和各项部署，积极谋划“十三五”改革创新发展，深入推进实施“率先行动”计划，总结2015年工作，部署2016年重点任务。,0
所领导班子成员，中国科学院、中国工程院院士孙鸿烈、李文华、郑度、孙九林、陆大道、周成虎，所老领导、所党委委员、纪委委员、职代会常设主席团成员，实验室（中心、站）负责人、研究室（中心）负责人，研究员、副研究员，管理和支撑部门负责人，党支部书记，党外人士代表、离退休职工代表，所妇委会、团委负责人，研究生会主席，博士后联谊会理事长等200余人出席了会议。,0
会议由副所长封志明主持。,0
会上，党委书记刘毅传达了中科院2016年度工作会议精神和北京分院京区党委2016年度工作会议精神，所长葛全胜作了题为《积极谋划“十三五”创新发展  全面深入实施“率先行动”计划》的工作报告，所长助理刘卫东作了所财务工作报告，刘毅宣读了《关于奖励2015年度重大成果完成人的决定》和《关于表彰2015年度各类先进集体和个人的决定》。,0
与会人员认真学习了白春礼院长在院2016年度工作会议上的主报告《学习贯彻十八届五中全会精神  全面深入实施“率先行动”计划》，进一步准确把握了“十三五”改革发展形势和要求，深化了对新时期科技创新工作的使命、发展战略和定位的认识，增强了忧患意识、责任意识和进取意识。,0
葛全胜在工作报告中总结了研究所2015年取得的成绩，分析了存在的问题和面临的挑战与机遇，部署了2016年重点工作。,0
葛全胜从顺利启动分类改革试点，“率先行动”计划开局良好；精心组织“十二五”收官，积极推进“一三五”规划；大力促进青年人才成长，人才队伍持续优化；持续加强支撑系统建设，规范改进管理工作；全面推进落实从严治党，努力营造和谐奋进的科研环境等五个方面对2015年工作进行了全面回顾。,0
葛全胜指出，2015年，所领导班子团结带领全所职工，认真学习贯彻党的十八大和十八届三中、四中、五中全会精神，按照习近平总书记和党中央、国务院对我院提出的新要求，全面贯彻落实“三个面向”、“四个率先”的新时期办院方针，主动作为、奋发努力，抢抓机遇、深化改革，认真推进实施“率先行动”计划和“一三五”规划，高质量完成了“十二五”主要目标任务，研究所各项事业取得了新的进展。,0
在“率先行动”计划四类机构改革中被院批准为首批特色研究所试点单位，在我院“十二五”期间“一三五”验收中被评为优秀类研究所，2个重大突破和2个重点培育方向被评为“优秀”；科技智库作用显著，在“一三五”国际诊断评估中，思想库建设被评为优秀；在5年一次的国家重点实验室评估中资源与环境信息系统国家重点实验室再次被评为优秀类实验室；新争取科研经费继续保持稳定增长；优秀青年人才快速成长，职工收入明显增长；党建和反腐倡廉建设取得新进展。,0
研究所凝聚力、综合实力、国内外影响力继续提升。,0
研究所2016年工作的总体思路是：以实施“率先行动”计划为主线，认真贯彻落实新时期办院方针，全面推进特色研究所建设，深化推进改革，积极争取项目，培养凝聚人才，促进成果产出，打造高端智库，确保研究所各项事业“十三五”开局良好,0
。,0
葛全胜代表所领导班子部署了2016年六方面重点工作。,0
他希望全所同志在新的一年里牢记使命、勇于担当，凝心聚力抓落实，做改革的促进派，深入贯彻落实“创新、协调、绿色、开放、共享”的新发展理念和创新驱动发展战略，全面推进落实新时期办院方针和“率先行动”计划，把研究所“十三五”规划落实到具体工作中，抓出实实在在的成效，争取研究所创新发展事业再上新台阶，为实现“四个率先”目标做出积极贡献。,0
所学术委员会、学位评定委员会、技术委员会领导孙鸿烈、郑度、孙九林、李文华、陆大道等院士以及所老领导赵士洞分别在会上讲话，对研究所2015年取得的成绩予以充分肯定，对“十三五”期间和2016年的工作提出了指导性建议。,0
他们强调，地理资源所要充分发挥在资源环境领域学科众多、交叉融合的综合优势，争取重大项目和重大成果产出；进一步加强人才培养，注重野外工作与研究生培养相结合，做好科教融合工作；加强科技平台建设，关注数据整合与共享，实现科技资源共享；加强智库建设，加强成果转化，提升科学传播工作能力和水平，全面服务国家需求。,0
下午，围绕贯彻实施“率先行动”计划，认真谋划“十三五”发展，落实2016年研究所改革等重点工作，各研究领域和部门进行了分组讨论。,0
地理资源所召开2015年度学术年会,1
地理资源所召开2015年度党建工作述职评议大会,1
12月18日，地理资源所党委召开了2015年度党建工作述职评议大会。,0
所党委委员、纪委委员、所领导班子成员，31个党支部书记、支部委员等近八十人参加。,0
会议由所党委委员、所长葛全胜主持。,0
所党委书记刘毅向党员代表作2015年党建工作述职报告。,0
报告从研究所科研工作实际和党员群众现状出发，围绕贯彻落实全面从严治党要求，从党建工作制度落实情况，开展“三严三实”专题教育、落实“两个责任”、推进“聚焦献力”主题实践活动等党建工作重点任务完成情况，做好党建日常工作、推进统战和群团工作，助力“率先行动”计划，以及组织协作一片党建工作等方面进行了述职总结。,0
报告也分析了我所党建工作中存在的问题及原因，明确了今后党建工作的思路和改进措施。,0
与会的党员代表认真填写了《地理资源所党委书记述职评议表》，对刘毅书记的工作进行了民主评议。  　　随后，全所15个职工党支部书记向所党委和党员代表大会作了述职报告，分别围绕特色所建设大局，结合支部工作实际，从党建工作落实情况和主要进展、支部工作中存在的主要问题、2016年工作计划等方面汇报了一年来的支部工作及个人履职情况。,0
刘毅对现场述职的15个职工党支部工作进行了点评，所党委委员对支部书记的工作进行考核评议。,0
最后，刘毅在会议总结中肯定了各党支部一年来开展的各项工作和取得的成绩。,0
他要求基层党支部认真贯彻中央从严治党的各项规定，党建工作要进一步结合研究所改革创新事业的实际，切实发挥战斗堡垒作用和党员的先锋模范作用，使党建工作有力促进特色所建设中心工作，保障研究所“率先行动”计划和“十三五”规划的顺利实施。,0
马扬带队到地理资源所进行领导班子届中考核,1
2015年11月23日上午，北京分院党组和中科院巡视组在地理科学与资源研究所召开了领导班子届中考核和巡视工作会议。,0
考核组由中科院北京分院党组常务副书记、副院长、京区党委常务副书记马扬带队，人事局领导干部处、北京分院干部工作处、监察审计处、京区党委组织部等9位同志组成；巡视组由中科院巡视组组长郭建军带队，原政策所党委书记张京芳、院条财局基建办公室主任孔繁文、院巡视办常务副主任毕金初等5位同志组成。,0
会议由马扬主持。,0
地理资源所领导班子成员、院士、党委委员、纪委委员、职代会常设主席团成员、中层以上管理干部、副研究员以上科研人员、党支部书记、民主党派代表、离退休职工代表等220余人参加了会议。,0
地理资源所所长葛全胜代表所领导班子作述职报告，从推进落实“一三五”规划，“十二五”验收成绩优秀；顺利启动分类改革试点，“率先行动”计划开局良好；不断加强领导班子自身建设，坚持制度治所；大力促进青年人才成长，人才队伍持续优化；持续改善科研条件，管理保障能力稳步提升；全面推进从严治党，努力营造和谐奋进的科研环境；存在的问题及发展思路等七个方面，全面总结了本届领导班子两年半来的工作进展、取得的成绩，认真剖析了存在的主要问题，提出了研究所面向“十三五”、落实“率先行动”计划的创新发展思路。,0
北京分院监察审计处处长王维佐宣读了地理资源所所长任期届中经济责任审计结果公告。,0
院巡视组组长郭建军介绍了中央和院巡视工作的新要求和新任务，并就此次到地理资源所开展巡视工作做了相关说明，公布了11月23－27日巡视组进驻该所的办公地点和联系电话。  　　马扬布置了考核工作。,0
考核组的同志当场发放了“地理科学与资源研究所实施‘一三五’规划情况民主评议表”、“地理科学与资源研究所领导班子届中考核民主测评表”、“基层党委工作考核评价表”、“地理科学与资源研究所干部选拔任用工作民主评议表”、“地理科学与资源研究所选拔任用干部民主评议表”、 “中国科学院巡视工作调查表”及“中国科学院巡视工作测评表”，与会代表针对考核要求进行了民主测评。  　　会后，考核组和巡视组成员分成6组与所领导、研究所科研、管理与支撑系统骨干进行了个别谈话，听取他们对领导班子及班子成员工作的评价意见以及对地理资源所今后发展的建议。  　　,0
刘昌明院士学术思想研讨会在地理资源所成功举行,1
孙鸿烈院士学术思想研讨会在地理资源所成功举行,1
为纪念中国科学院学部成立60周年，2015年9月15日上午，孙鸿烈院士学术思想研讨会在中国科学院地理科学与资源研究所（简称地理资源所）举行。,0
研讨会由中国科学院学部、地理资源所共同主办，中国地理学会、中国自然资源学会、中国青藏高原研究会协办，会议由地理资源所所长葛全胜主持。  　　中国科学院和中国工程院院士李振声、石元春、陈宜瑜、赵其国、李文华、钟大赉、滕吉文、刘昌明、郑绵平、郑度、陆大道、吴国雄、王浩、傅伯杰、郭正堂、周成虎等出席研讨会。  　　中科院学部工作局局长李婷代表白春礼院长、李静海副院长祝贺研讨会的成功召开。,0
李婷在致辞中指出，孙鸿烈先生从事科学研究60余年，作为中国科学院和学部的老领导，见证了中科院和学部的发展变迁，参与领导了中科院的科技体制改革相关工作，领导了中科院在资源环境领域发挥综合优势，为中科院发挥国家科学思想库作用做出了重要贡献。  　　国家最高科技奖获得者、中国科学院原副院长李振声院士回顾了与孙鸿烈先生在科学院一起工作的激情岁月，向与会同志介绍了孙先生在野外工作中以苦为乐的治学和敬业精神，激励中青年科技人员接过老一代科学家的接力棒，积极承担中央对科学院提出的“四个率先”任务。  　　国家自然科学基金委员会原主任陈宜瑜院士在发言中指出，孙鸿烈先生是一位战略科学家，他在青藏高原科学考察、生态系统网络研究、资源环境及生态系统综合研究等领域的科学思想，深刻影响了科学界数十年，大大推动了地球科学、生命科学、资源科学与环境科学的交叉研究。  　　中科院地理资源所郑度院士，大气物理所吴国雄院士，中国地理学会理事长、中科院生态环境研究中心傅伯杰院士、中国自然资源学会理事长成升魁研究员分别作了特邀学术报告，系统介绍了孙鸿烈先生的学术思想，以及在青藏高原综合科学考察、生态系统网络研究、资源科学综合研究等方面做出的开拓性贡献。  　　国土资源部土地利用司、国家海洋局极地考察办公室、水利部中国泥沙中心、科技部基础司、国家自然科学基金委员会地学部、中国气象科学研究院、北京师范大学、兰州大学、中国农业大学、武汉大学等部门和单位的代表，中科院学部工作局、科技促进发展局、国际合作局、中国科学院大学、新疆分院、南京分院和院属16个研究所的领导和专家，共计160余人参加了研讨会。  　　15日下午，由中科院地理资源所副所长周成虎院士主持，孙鸿烈先生为近200名青年科技人员和研究生作了“我的科学之路”的学术报告，并与青年职工和学生进行了亲切的互动交流。 ,0
何岩到地理资源所调研,1
地理资源所召开党风廉政建设责任书签订会,1
为全面落实院党组关于党风廉政建设责任制的工作部署，扎实推进研究所党风廉政建设及反腐倡廉工作，落实党风廉政建设“两个责任”，6月11日上午，地理资源所召开了全所党风廉政建设责任书签订会议。,0
所领导班子成员、党委委员、纪委委员、所长助理（特别助理），管理和支撑部门正副处长、实验室（中心、站）正副主任、研究室正副主任、党支部书记和研究员共90余人参加了会议。,0
大会由所纪委书记于贵瑞主持。  　　首先，党委书记刘毅同志作了题为“层层落实 强化问责 认真履行党风廉政建设责任”的廉政党课，详细介绍了党风廉政建设责任制的内容和重要意义，并结合中科院和研究所实际，详细解读了所长、党委书记、所领导班子成员、所纪委、科研团队和职能部门负责人的责任分工。,0
刘毅要求所各级部门负责人要认真学习党风廉政建设责任制的具体内容，从自身岗位出发，落实“两个责任”；各部门要认真做好与本部门关键岗位人员个性化廉洁从业责任书的签订工作，要把“两个责任”的具体要求传达到每一位职工，要用具体的案例教育职工，提醒大家时刻紧绷反腐倡廉这根弦，承担好科技发展和反腐倡廉的双重责任。  　　随后，所长葛全胜以“廉洁诚信 履职履责 保障‘率先行动’计划实施”为题作了反腐倡廉专题报告。,0
他首先介绍了中央及中科院的反腐态势，结合中科院近期查处的违纪案例，以及研究所科研经费使用中容易出现的问题进行了深刻剖析，详细解读了所反腐倡廉的重点领域和重点举措。,0
葛全胜要求全所干部职工要提高反腐防腐意识、增强使命感和责任感，在科研经费使用过程中要时刻紧绷廉政这根弦，明白哪些是“雷区”，发挥领导干部“关键少数”的作用，务必做到不越“雷池”，不乱“章法”；结合当前开展的“三严三实”专题教育工作实际，强化对党忠诚、个人干净、敢于担当的意识，努力在守纪律、讲规矩上见实效。  　　会上，纪委书记于贵瑞介绍了地理资源所个性化党风廉政建设及反腐倡廉建设责任书签订的层级、内容及具体要求。  　　廉政报告结束后，纪委书记于贵瑞主持举行了全所党风廉政建设责任书签订仪式。所长、党委书记与所领导班子其他成员、所长助理（特别助理）、实验室（中心、站）主任签订了《责任书》，分管所领导与职能部门负责人分别签订了《责任书》，所内科研、管理、支撑各部门正职与副职逐级签订了《责任书》。 ,0
白春礼到地理资源所调研,1
4月10日下午，中国科学院院长、党组书记白春礼到中科院地理科学与资源研究所调研“率先行动”计划实施情况，深入了解特色研究所和高水平科技智库建设情况，并与地理资源所科研骨干和管理支撑人员进行座谈交流。  　　白春礼实地考察了“中国生态系统研究网络”（CERN）综合中心，听取了地理资源所副所长于贵瑞关于CERN工作进展的汇报；观看了地理资源所国家科学思想库建设成果展览，听取了中科院院士陆大道、所长助理刘卫东关于科技智库建设情况的汇报。,0
随后，白春礼与地理资源所科研骨干和管理支撑人员代表130余人进行了座谈。,0
座谈会上，地理资源所所长葛全胜汇报了研究所“一三五”规划进展情况、特色研究所建设规划、思想库建设情况和2015年重点工作。,0
与会代表踊跃发言，纷纷就建设特色研究所、科技智库，推进落实“率先行动”计划提出了自己的意见和建议。  　　白春礼认真听取每位代表的发言，不时插话与科技人员交流，坦诚回应大家关注的体制机制问题。,0
白春礼充分肯定了地理资源所在推进实施“一三五”规划和“率先行动”计划中取得的成绩，对地理资源所首批进入特色研究所试点表示祝贺。,0
"白春礼指出，地理资源所是历史悠久的老所、大所、强所，从新中国成立之初的科学考察、国土规划开始，60余年来在服务国民经济建设和经济社会可持续发展中发挥了重要的科技支撑作用，引领了我国地理资源科学的发展，尤其是近年来在思想库建设方面服务国家重大战略需求，在主体功能区规划、新型城镇化、重大灾害恢复重建规划、“一带一路”战略、南海问题研究、生态系统网络、农业发展、第三方评估等方面为国家和中科院做出了突出贡献，得到国家有关部门的高度认可,顺利实现了“一三五”规划预期目标。",0
他希望地理资源所以启动建设特色研究所为新的起点，抓住机遇，深化改革，在特色所建设和分类改革中起好示范、带动作用。  　　白春礼指出，今年是中科院实施“率先行动”计划的关键之年，要抓住研究所分类改革这个“牛鼻子”，进一步深化体制机制改革，解决“低水平重复、碎片化扩张”等问题，在科研组织模式、资源配置方式、科技评价体系等方面深化改革，以推进研究所分类改革为突破口，探索建设适应国家发展要求、有利于重大成果产出的现代科研院所治理体系，集中力量做大事，发挥综合优势产出重大创新成果。,0
院党组决定按照创新研究院、卓越创新中心、大科学研究中心和特色研究所四类机构对现有研究机构进行分类改革，四类机构改革试点工作正按计划有序、稳步推进，还组建了中国科学院科技战略咨询研究院，依托中国科学院大学建设科教融合卓越中心，“率先行动”计划实现了良好开局。,0
关于特色研究所建设，白春礼指出，四类科研机构的定位各有侧重，特色研究所要发挥学科特色，依托基础研究，面向国民经济主战场，不断为国家经济社会发展提供有力的科技支撑。,0
地理资源所作为首批特色所建设试点单位以及科技战略咨询研究院建设主要参与单位，一定要解放思想、大胆探索，深化改革，以体制机制创新来解决发展中的问题。  　　白春礼对地理资源所下一步的改革发展提出了具体要求。,0
一是要认真贯彻落实中科院新办院方针，切实搞好特色研究所建设，不能搞“翻牌”，要根据院党组对特色研究所建设的指导意见和要求，制订特色研究所建设的详细方案，深入思考，探索建立有利于产出重大成果、有利于服务国家需求和社会经济发展的体制和组织管理机制。,0
二是要进一步面向国民经济主战场，着力打造高端科技智库，参与建设好科技战略咨询研究院，在生态文明建设、城镇化、三农问题等经济社会发展重点领域开展决策咨询研究，打造高端科技智库品牌。,0
三是要着力做好“十三五”规划，开展重大科学问题研究，认真谋划“一带一路”、“地缘环境”等重大项目建议。  　　白春礼勉励地理资源所要抓住历史机遇，增强责任感，在推进实施“率先行动”计划中，努力产出创新成果、创新人才、创新思想，再创新的辉煌。  　　中科院办公厅（党组办）主任汪克强、科技促进发展局局长严庆、科学传播局局长周德进、北京分院党组常务副书记、京区党委常务副书记马扬陪同调研。 ,0
地理资源所召开2015年度工作会议,1
地理资源所2014年度科技平台年会召开,1
中国地理学会第十一次全国代表大会在北京召开,1
中国城市群发展高层论坛在北京举行,1
汪洋副总理到地理资源所“渤海粮仓”项目基地考察,1
5月23日，国务院副总理汪洋来到“渤海粮仓”科技示范工程山东项目区滨州市无棣县万亩盐碱地改造试验基地，现场考察了中国科学院的农业科技工作。,0
汪洋听取了“渤海粮仓”山东项目区首席专家、中国科学院地理科学与资源研究所研究员、禹城综合试验站站长欧阳竹的汇报，仔细观看了“渤海粮仓”科技示范工程的相关技术产品、农机具和农田关键要素采集系统等，并走进田间地头，实地查看了耐盐小麦品种“小偃81”和“小偃60”的长势，详细了解了治理改造过程和效果。,0
汪洋对“渤海粮仓”科技示范工程所取得的成效给予了充分肯定，对一年多来，在有关部委和地方政府的支持下，中国科学院组织多个研究团队进行科技攻关，通过选育集成耐盐优质高产小麦玉米品种、采用微生物有机肥降低盐碱含量等技术进行盐碱地改造，在促进粮食增产增效上取得重要阶段性成果表示赞赏，希望进一步完善技术体系和工作机制，在更大范围推广提升。,0
考察后，汪洋鼓励科研人员要长期深入地开展研究和试验，从事农业科研工作要有定力，长期坚持，不怕艰苦，要和生产实际结合，将文章写在祖国大地上。  　　中科院院长白春礼、山东省省长郭树清、国务院副秘书长毕井泉、科技部副部长张来武、财政部部长助理胡静林、农业部副部长余欣荣、国研室副主任黄守宏、中科院副院长施尔畏；山东省省委常委、秘书长雷建国、省人大常委会副主任温孚江、副省长张超超等国家部委有关领导、相关政府部门、科研单位负责人陪同考察。  　　“渤海粮仓”科技示范工程是由科技部、中科院联合环渤海4省（市）于2013年4月启动，中科院多个研究团队参与实施的重大农业科技项目，按照地域特点设立山东、河北、天津、辽宁等4个项目区。,0
自项目启动以来，山东项目区的工作取得了显著进展，通过理论分析、田间试验和推广示范，初步提出了以耐盐作物品种、微生物有机肥快速改良土壤结构，进行了农机-农艺-信息一体化等关键技术创新，形成了重盐碱地、中轻度盐碱地和中低产粮田改造与产量提升的综合配套技术体系，创建形成了高地下水位条件下滨海盐碱地改造的新途径。,0
目前，项目区已经建立了27个示范区，示范推广面积达16万亩。,0
方新到地理资源所作党委中心组学习会辅导报告,1
地理资源所召开2014年度工作会议,1
2月28日，地理科学与资源研究所召开了2014年度工作会议。,0
会议的主要任务是：传达学习中科院、北京分院2014年度工作会议精神，落实我院“率先行动”计划，推进“创新2020”和“一三五”规划，总结2013年工作，部署2014年重点工作。  　　所领导、孙鸿烈院士、刘昌明院士、石玉林院士、郑度院士、陆大道院士、孙九林院士、傅伯杰院士、周成虎院士、所老领导，所党委委员、纪委委员、职代会常设主席团成员，研究领域负责人、研究室（中心、站）正副主任，研究员、副研究员，管理和支撑部门负责人，党支部书记，党外人士代表、离退休职工代表，所妇委会、团委负责人，研究生会主席，博士后联谊会理事长等200余人出席了会议。,0
会议由副所长周成虎主持。,0
会上，党委书记刘毅传达了中科院、北京分院2014年度工作会议精神，所长葛全胜作了题为《弘扬地理和资源科学核心价值，扎实推进“一三五”规划，助力实现“四个率先”目标》的工作报告，所长特别助理王绍强、宋献方、陆锋、刘卫东、封志明分别作了科研工作、平台建设、对外合作、人才教育工作、财务资产情况的工作报告，孙鸿烈院士宣布了2013年度地理资源所十大研究进展，刘毅宣读了《关于奖励2013年度重大项目争取和重要成果发表完成人的决定》和《关于表彰2013年度获各类奖励的集体和个人的决定》。,0
与会人员重点学习了白春礼院长在院2014年度工作会议的工作报告《加快改革创新发展，努力实现“四个率先”》，深入学习了习近平总书记“四个率先”要求和中科院“率先行动”计划，进一步深化了对新时期科技创新工作的使命、发展战略和定位的认识，进一步增强了机遇意识、责任意识、进取意识，决心认真抓好“率先行动”计划的组织实施，围绕创新驱动发展战略，着力提升自主创新能力，促进重大科技成果产出和所事业全面发展。  　　葛全胜在工作报告中总结了研究所2013年取得的成绩，分析了存在的问题和面临的挑战与机遇，部署了2014年重点工作。葛全胜从认真学习贯彻习近平总书记“四个率先”重要讲话精神，扎实推进“一三五”规划实施，加强组织和制度建设、注重人才培养，深入开展党的群众路线教育实践活动，各项事业取得新的进展等五个方面对2013年工作进行了全面回顾。,0
葛全胜指出，2013年，所领导班子团结带领全所职工，认真学习党的十八大、十八届三中全会和习近平总书记视察我院重要讲话精神，面向“四个率先”，聚焦“创新2020”和“一三五”发展规划，优化组织结构、完善制度体系、提高工作效能，深入开展党的群众路线教育实践活动，推动研究所各项工作取得了新的成就。,0
研究所获得国家科技进步二等奖2项，省部级科技奖励14项；承担重大科技任务保持良好态势，争取各类科研项目合同经费再创历史新高；组织开展一批以综合性研究为特色、以服务国家重大需求为使命的研究项目的顶层设计与预研究；国家科学思想库作用有效发挥，咨询建议报告得到党和国家领导人批示数量保持全院第一；加强组织和制度建设，青年优秀人才队伍建设取得新进展；加强领导班子建设和党风廉政建设，党的群众路线教育实践活动取得显著成效。  　　研究所2014年工作的总体思路是，落实“率先行动”计划，优化布局、选拔人才，凝练成果、做好评估，创新机制、建设智库，保障综合实验楼顺利动工建设；全面推动研究所各项事业的发展。  　　葛全胜强调，全所同志要认真学习党的十八届三中全会和习总书记重要讲话精神，以及院党组制定了新时期的发展战略，进一步增强机遇意识、责任意识，凝心聚力，深度弘扬地理和资源科学核心价值，认真落实“率先行动”计划，扎实推进“一三五”规划，努力促进我所各项事业再上新台阶，以正能量、正效果助力我院实现“四个率先”目标。  　　所学术委员会、学位评定委员会、技术委员会领导孙鸿烈院士、刘昌明院士、石玉林院士、郑度院士、陆大道院士、孙九林院士、傅伯杰院士分别在会上讲话，他们对研究所在2013年取得的成绩予以充分肯定，对今后的发展提出了指导性建议。院士们强调，地理资源所要充分发挥在资源环境领域的综合优势，要在加强综合集成能力方面狠下功夫，争取产出更多具有突破性和创新性的重大成果；紧密围绕国家重大战略需求和国家科学前沿，进一步凝练研究目标、科学问题，加强基础研究，加强学科交叉与交流，加强科技平台建设，联合资源环境领域力量，积极争取国家重大项目；加强对区域环境问题的基础性和综合性研究；建立与综合性研究体系相配套评价体系。  　　所老领导、原综考会主任赵士洞在会上发言。他从重视和开展科普工作、积极发挥离退休科技工作者的专长和作用，进一步加强研究生培养，弘扬地理资源所优良传统等方面提出了建议。  　　下午，围绕贯彻落实2014年度院工作会议精神，实施“率先行动”计划，研究所“一三五”规划落实和2014年重点工作，各研究领域和部门进行了分组讨论。 　　  ,0
地理资源所召开群众路线教育实践活动专题民主生活会情况通报会,1
12月12日上午，中科院地理科学与资源研究所召开了党的群众路线教育实践活动专题民主生活会情况通报会，所领导班子成员、党委委员、纪委委员，职代会常设主席团成员，研究领域负责人、研究室(中心、站)负责人、管理和支撑部门负责人，党支部书记、支部委员，妇委会、团委负责人，所全国政协委员、各民主党派负责人、无党派人士代表100余人出席了会议。,0
中科院京区党的群众路线教育实践活动督导组成员王大立同志参加了会议。,0
会议由所党委书记刘毅主持。,0
会上，刘毅通报了所领导班子专题民主生活会情况。,0
他主要围绕所班子成员在贯彻中央八项规定和中科院“12项要求”精神、抓好学习教育、广泛征求群众意见、聚焦“四风”查摆与分析问题、开展批评和自我批评、边查边改、转变作风、制定整改措施、今后努力方向以及教育实践活动第三环节工作的部署几个方面进行了通报。,0
所长葛全胜传达了党的十八届三中全会精神，并就研究所学习贯彻全会精神提出了要求。,0
王大立代表督导组在会上讲话。,0
他指出，地理资源所领导班子专题民主生活会所领导高度重视，所长、书记发挥表率作用，准备工作比较扎实，重点突出，内容充实，查摆问题比较准确，自我批评认真深刻，相互批评坦诚中肯，整改措施比较具体和符合实际，体现了“整风”精神。,0
他强调，研究所下一步要制定好整改方案，明确整改目标和时间表，抓好建章立制，特别是抓好围绕解决“四风”问题的制度建设，着力抓好专项整治，认真组织“回头看”，确保教育实践活动取得成效。,0
他要求，要按照院的统一部署，将高标准、严要求贯穿群众路线教育实践活动始终，认真学习贯彻十八届三中全会精神，围绕落实“四个率先”要求，不自满、不懈怠，勇于创新与突破，努力将研究所科技创新和深化改革各项工作不断向前推进。,0
参会人员还填写了《地理资源所党的群众路线教育实践活动调查问卷》，对研究所教育实践活动前两个环节工作进行了民主评议。,0
秦大河院士到地理资源所作学术报告,1
12月11日，国际著名地理学家、中国科学院院士、中国科协副主席、中国气象局原局长、第三世界科学院院士秦大河应邀到中科院地理科学与资源研究所做了题为“气候变化科学与人类活动”的学术报告。,0
地理资源所承担全球变化研究国家重大科学研究计划、中科院“应对气候变化的碳收支认证及相关问题”战略性先导科技专项等科技任务的科研人员，以及在读研究生共约240人聆听了报告。,0
报告会由葛全胜所长主持。  　　秦大河院士首先和大家分享了他领取2013年沃尔沃环境奖时的精彩纪录片，回顾了他参加国际徒步横穿南极大陆科学考察、采集雪样的经历，以及开创我国冰冻圈与全球变化研究的历程,0
。,0
随后，秦大河院士从气候变化的基本概念入题，详细地阐述了全球气候变化的趋势，厘清了现代气候变化研究的时空尺度，分析了地球五大圈层变化与人类活动的关系，并介绍了政府间气候变化专门委员会（IPCC）的主要工作，IPCC成立以来五次评估报告的主要结论和完善过程，以及IPCC第五次评估报告（AR5）的主要内容。,0
在报告中，秦大河院士基于南极、北极和格陵兰岛冰盖面积变化等方面的全球气候变化最新研究成果及翔实的图表和数据，揭示了近百年来地球气候系统正经历着一次以变暖为主要特征的显著变化，诠释了气候变化观测、海水盐度变化与全球气候模式构建之间的关系，提出了气候变化研究中的不确定性评估指南。,0
他还通过分析过去50年全球冰川面积的变化，阐明了20世纪70年代以来冰川冰损失和全球变暖导致海平面上升速率不断增加的机理。,0
此外，他讲解了全球碳循环与化石燃料消耗等人类活动排放温室气体的关系，评估了人类活动对气候变化的影响，分析了中国温室气体排放在全球的地位和作用，提出了人类社会减缓温室气体排放、适应气候变化和加强环境保护的策略建议。  　　最后，秦大河院士勉励地理资源所科研人员和研究生扎根地理科学研究，加强野外观测和实验分析，为气候变化研究做出贡献。,0
报告结束后，他认真细致地回答了大家提出的问题。,0
地理资源所陆大道等专家向李克强总理汇报城镇化研究成果,1
　　近日，中共中央政治局常委、国务院总理李克强专门邀请中国科学院、中国工程院院士及有关专家到北京中南海，听取两院一年来城镇化研究成果报告并与他们进行座谈。,0
中共中央政治局常委、国务院副总理张高丽，国务委员杨晶出席座谈会，国务院相关部门主要负责同志参加了会议。,0
中科院地理科学与资源研究所陆大道院士汇报了中科院城镇化课题研究成果。,0
中国科学院院长白春礼、副院长李静海，中科院院士周干峙、叶大年、郑度、郭华东，地理资源所研究员樊杰、刘彦随参加了汇报会。,0
陆大道在题为“关于走符合我国国情的城镇化道路的认知和建议”的报告中，从我国城镇化的基本内涵、城镇化高速发展中的问题和关于走符合我国国情城镇化道路的几点建议三个方面发表了见解。,0
李克强边听汇报、边作记录，并对陆大道汇报的主要观点与建议给予了重视和肯定。  　　刘彦随围绕“新型城镇化要注重根治‘乡村病’”作了发言，建议国家对土地流失、农村空心化等“乡村病”，应高度重视。,0
一幅“山东省禹城市典型空心村高分遥感影像调绘图”当场送给了总理。,0
李克强说，新型城镇化要突出统筹城乡，根本前提是要尊重农民意愿、保护农民利益、保障粮食安全。,0
"这样才能使城镇化成果真正惠及农民，这根弦一定要绷紧。  　　由樊杰组织地理资源所人文地理与区域发展研究部科研人员编写的“关于走符合我国国情的城镇化道路的认知和建议”的简要报告和共计70多万字的“基础研究报告”(上、中、下三册),也摆放在李克强和各位与会领导面前。",0
李克强多次指示国务院有关部门会后要领会和吸纳这些研究成果，并在作总结时谈到“感谢专家们对新型城镇化提出了有价值的建议，要积极采纳。,0
还有这几大本材料，很值得我们与会的同志们认真学习”。,0
中国科学院叶大年院士、郭华东院士和中国工程院的院士专家也作了发言。,0
3个小时的座谈交流不知不觉过去了，李克强指出，我们一定要走中国特色、科学发展的新型城镇化路子，科学论证、周密谋划，让新型城镇化之路走好走顺。,0
他还请院士专家们就新型城镇化重点难点问题做进一步研究，帮助政府科学决策。,0
为做好向国务院领导的专题汇报，我院白春礼院长、李静海副院长，院办公厅、学部工作局及地理资源所领导给予了高度重视，多次组织召开会议，研究部署和检查相关准备工作。,0
"地理资源所各部门积极配合，认真准备汇报材料,并搜集地理资源所近年出版的20本专著成果作为座谈会参考材料，呈送给国务院办公厅。  　　院领导白春礼、李静海高度评价了陆大道院士和地理资源所专家的汇报准备工作和汇报整体效果，感谢专家们富有成效的工作。李静海对装帧精致的3本基础研究报告表示满意，表示“有这么厚实的研究成果才像中科院的特色”，肯定了地理资源所及课题组的前期准备工作。   　　参加汇报会的国务院相关部门负责人还有：国务院副秘书长肖捷、丁向阳，国家发展改革委主任徐绍史、副主任徐宪平，教育部部长袁贵仁，国土资源部部长姜大明，环境保护部部长周生贤、住房和城乡建设部部长姜伟新、副部长仇保兴，交通运输部部长杨传堂，农业部部长韩长赋，国务院研究室主任宁吉喆等。",0
地理资源所召开党的群众路线教育实践活动动员大会,1
8月29日上午，地理资源所召开深入开展党的群众路线教育实践活动动员大会，全面启动该所教育实践活动。,0
党委书记成升魁作动员报告，部署相关工作。,0
中科院京区党的群众路线教育实践活动督导组成员王大立、李静、赵珂杰出席会议。,0
所领导班子成员、党委委员、纪委委员，职代会常设主席团成员，研究领域负责人、研究室(中心、站)负责人、管理和支撑部门负责人，党支部书记、支部委员等100余人参加了动员会。,0
所内全国政协委员、各民主党派负责人、无党派人士代表应邀参加会议。,0
会议由所长葛全胜主持。  　　会上，成升魁传达了中央和院党组关于深入开展党的群众路线教育实践活动的文件精神和具体要求，明确提出地理资源所深入开展党的群众路线教育实践活动的指导思想、目标要求、方法步骤、组织领导以及活动各个环节的时间节点安排。,0
他强调，全体党员和处级以上领导干部要牢牢把握中央和院党组对教育实践活动的基本要求，进一步增强责任感和使命感，以认真负责的态度、改革创新的精神、求真务实的作风，扎实做好各项工作。,0
要贯彻“照镜子、正衣冠、洗洗澡、治治病”的总要求；聚焦作风建设，坚决反对“四风”；以整风精神开展批评和自我批评，坚持领导带头，注重建立长效机制。,0
加强领导，精心组织，确保教育实践活动有序有力推进。,0
教育实践活动要与学习贯彻习近平总书记视察中科院的重要讲话精神有机结合起来，与扎实推进“创新2020”和“一三五”规划有机结合起来，与京区“聚焦献力”主题实践活动有机结合起来，与完成全年各项重点任务有机结合起来。,0
正确处理开展教育实践活动与推进科技创新和加强党建工作的关系，做到“两手抓、两不误、两促进”，更好地促进全所各项重点工作、重大任务的完成。,0
王大立对地理资源所的活动实施方案予以充分肯定，并对地理资源所开展党的群众路线教育实践活动提出了具体要求。,0
他表示督导组将按照京区党委的部署和要求，依靠所党委，深入调查研究，在每个重点环节扎实做好督导工作。,0
会后，在督导组的组织下，参会人员对地理资源所领导班子及党员领导班子成员进行了民主评议。,0
中共中科院地理资源所第四次代表大会顺利召开,1
中科院圆满完成芦山地震灾后恢复重建资源环境承载能力评价工作,1
“全球重要农业文化遗产试点授牌仪式”在人民大会堂举行,1
地理资源所召开新一届领导班子宣布大会,1
中科院全面启动四川雅安抗震救灾工作,1
黄秉维先生学术思想研讨会在北京举行,1
地理资源所召开2013年度工作会议 贯彻落实院工作会议精神,1
“中国生态系统研究网络的创建及其观测研究和试验示范”项目获2012年度国家科学技术进步一等奖,1
“过去2000年中国气候变化研究”获2012年度国家自然科学奖二等奖,1
方新为地理资源所和微生物所作学习十八大精神专题报告,1
孙鸿烈、傅伯杰院士一行考察非洲尼罗河源区,1
“全国科学院联盟地理资源领域战略合作研讨会暨地理资源分会成立仪式”在京举行,1
地理资源所与加拿大西蒙弗雷泽大学签订谅解备忘录和合作协议,1
李文华院士一行赴千烟洲站考察指导,1
白春礼调研中科院地理资源所,1
白春礼院长到地理资源所拉萨站考察指导工作,1
孙鸿烈院士一行到中科院拉萨站考察指导工作,1
“云GIS核心技术与系统研究” 项目启动会在京顺利召开,1
张亚平副院长一行考察禹城试验站无棣试验示范基地,1
丁仲礼到地理资源所禹城试验站调研,1
孙鸿烈刘昌明院士到中科院千烟洲站、禹城站调研考察,1
地理资源所召开“2012年度野外台站工作会议”,1
地理资源所组织编研出版系列战略研究报告 服务国家及区域发展重大战略需求,1
地理资源所召开2012年度工作会议 贯彻落实院工作会议精神,1
孙鸿烈院士一行考察广西环江土壤修复工程,1
地理资源所与陕西省地产开发服务总公司签署合作协议,1
地理资源所召开2011年度领导班子民主生活会,1
“国际生态系统管理伙伴计划”揭牌暨启动仪式在北京举行,1
地理资源所与贵州凯里学院签署《校所共建凯里学院院士专家工作站》合作协议,1
“大尺度土地利用变化对全球气候的影响”项目中期总结会在京举行,1
国家自然科学基金重大项目“我国主要陆地生态系统对全球变化的响应与适应性样带研究”项目验收与学术研讨会在广州召开,1
地理资源所召开2011年夏季战略研讨会,1
发挥资源科技优势，保障西部创新发展——中国自然资源学会2011年学术年会在乌鲁木齐召开,1
发展中国家小型农田灌溉技术国际培训班学员到地理资源所考察学习咸水滴灌技术,1
地理资源所隆重举行庆祝中国共产党成立90周年大会暨红歌演唱会,1
朝鲜科学家参观地理资源所科普展厅,1
全球环境变化人文因素的检测与分析技术研究通过验收,1
何岩到地理资源所调研创先争优活动和党建工作,1
地理资源所与张家界市武陵源区人民政府签署共建“张家界地貌联合研究中心”协议,1
生态固碳/国家重大生态工程固碳项目联合启动,1
地理资源所召开党委中心组学习扩大会,1
地理资源所召开2011年度工作会议   贯彻落实院工作会议精神,1
院所领导看望地理资源所离退休老同志,1
地理资源所成果获2010年度国家科技进步二等奖,1
国家人口计生委副主任王培安调研地理资源所,1
“京师地理讲坛”在京隆重开讲,1
中国科学院水资源研究中心专家委员会第五次会议在京召开,1
地理资源所召开党委中心组扩大会议深入学习“创新2020”规划,1
刘毅所长、成升魁书记视察“澜沧江中下游与大香格里拉地区综合科学考察”考察队,1
丁仲礼副院长视察地球系统科学信息共享中心,1
中国自然资源学会2010年学术年会在重庆举行,1
郑度院士在武汉分院谈环境伦理与区域可持续发展,1
李家洋副院长考察地理资源所宁夏滴灌与盐碱地治理开发试验基地,1
2010年全国科普日地理资源所地理科普馆建成开放,1
地理科学与资源研究所建所70周年庆祝大会在京举行,1
地理资源所建所70周年高端学术论坛成功举办,1
国际科学院理事会（IAC）水计划国际研讨会在京召开,1
地理资源所建所70周年隆重举行摄影书画展,1
过去2000年全球典型暖期的形成机制及其影响研究项目启动会召开,1
周光召、李振声、胡启恒等老领导到禹城站考察指导,1
何岩带队到地理资源所进行领导班子届中考核,1
“玉树地震区域生态环境图集”专家咨询会在地理资源所召开,1
中科院牵头完成玉树资源环境承载能力评价报告,1
丁仲礼副院长在地理资源所召开玉树地震灾区“资源环境承载能力评价”讨论咨询会,1
中科院抓紧推进“玉树灾区资源环境承载能力评价”工作,1
中国科学院区域可持续发展分析与模拟重点实验室揭牌,1
地理资源所邀请政协委员传达2010年全国两会精神,1
地理资源所召开2010年度工作会议,1
面向“十二五”规划的人文-经济地理学术研讨会在我所召开,1
中国科学院水资源中心学术会议暨专家委员会第四次会议召开,1
2010年中国科学院旅游学术研讨会在我所召开,1
我所“中国地域空间开发的理论体系研究及重大规划实践”研究集体荣获2009年中国科学院杰出科技成就奖,1
我所参与项目荣获“中华农业科技奖”一等奖,1
韩国驻华大使柳佑益一行访问中国地理学会与地理资源所,1
“森林资源遥感监测技术与业务化应用”成果荣获2009年度国家科技进步二等奖,1
我所“中国1:100万数字地貌图研究及其应用”成果获2009年度国家科技进步二等奖,1
1月11日，党中央、国务院在北京人民大会堂隆重召开2009年度国家科技奖励大会。,0
中共中央总书记、国家主席、中央军委主席胡锦涛等党和国家领导人出席会议，并为获得国家最高科技奖、自然科学奖、技术发明奖、科技进步奖和国际科技合作奖的获奖代表颁奖。,0
我所承担的《湛江生态市建设规划》通过环保部评审,1
北京青少年科技创新“雏鹰计划”在地理资源所启动,1
2010年所长致辞,1
广西西江经济带发展总体规划项目正式启动,1
中国科学院禹城综合试验站喜庆30华诞,1
温家宝参观中国科学院建院60周年展,1
科学时报：百年卓越向未来  中国地理学会百年庆典大会举行,1
中国自然资源学会换届选举大会在上海成功召开,1
第七届中国水论坛在京隆重召开,1
我所举行首届新职工入职培训,1
中国科学院城市地理国际研讨会（UGCAS2009）圆满结束,1
　　本次研讨会得到了参会中青年学者的广泛好评，大家通过交流各种新鲜的知识不但丰富了眼界，而且促进了城市地理和相关研究领域的交融，促进了国内外城市地理研究视角的交融。大家表示将积极关注城市地理研讨会的后续工作，并希望能够建立一个持续的交流平台，以便今后深入交流与合作，继续组织和参与城市地理学理论和方法的讨论。,0
我所与重庆市发展和改革委员会签署战略合作协议,1
我所与湛江市人民政府签署共建“中国热带区域综合研究基地”协议,1
我所与河北省涞水县签署战略合作协议,1
樊杰向路甬祥院长汇报区域发展领域研究设想受到肯定,1
